City_ID,City,Country,Date,Lat,Lng,Max Temp,Humidity,Cloudiness,Wind Speed
0,Kieta,PG,2022-05-23 18:39:30,-6.2167,155.6333,78.66,84,99,2.3
1,Asau,RO,2022-05-23 18:39:31,46.4333,26.4,58.12,100,98,1.3
2,Rikitea,PF,2022-05-23 18:39:31,-23.1203,-134.9692,75.78,75,30,13.13
3,Belle Glade,US,2022-05-23 18:36:29,26.6845,-80.6676,89.02,46,37,12.28
4,Arraial Do Cabo,BR,2022-05-23 18:39:31,-22.9661,-42.0278,75.16,64,40,19.57
5,Labuhan,ID,2022-05-23 18:39:31,-6.8844,112.2051,79.79,83,100,9.19
6,Ushuaia,AR,2022-05-23 18:39:32,-54.8,-68.3,38.82,69,40,4.61
7,Puerto Del Rosario,ES,2022-05-23 18:35:00,28.5004,-13.8627,71.35,73,75,19.57
8,Meulaboh,ID,2022-05-23 18:39:32,4.1363,96.1285,77.54,89,96,4.21
9,Port Alfred,ZA,2022-05-23 18:39:32,-33.5906,26.891,62.04,75,38,2.84
10,Punta Arenas,CL,2022-05-23 18:35:30,-53.15,-70.9167,37.51,70,75,19.57
11,Cortez,US,2022-05-23 18:39:32,37.3489,-108.5859,61.56,18,75,10.36
12,Narsaq,GL,2022-05-23 18:39:33,60.9167,-46.05,43.02,80,90,3.78
13,Bluff,NZ,2022-05-23 18:39:33,-46.6,168.3333,52.81,77,61,24.79
14,Hobart,AU,2022-05-23 18:39:33,-42.8794,147.3294,45.05,92,100,8.05
15,Prince Rupert,CA,2022-05-23 18:35:43,54.3161,-130.3201,47.89,87,100,4.61
16,Belton,US,2022-05-23 18:39:33,38.812,-94.5319,68.05,49,98,12.95
17,Qaanaaq,GL,2022-05-23 18:39:34,77.484,-69.3632,33.91,79,100,6.64
18,Sabha,LY,2022-05-23 18:39:34,27.0377,14.4283,85.48,9,61,12.64
19,Hermanus,ZA,2022-05-23 18:39:34,-34.4187,19.2345,61.27,82,45,11.86
20,Vaini,TO,2022-05-23 18:39:34,-21.2,-175.2,75.36,100,20,3.44
21,Saint-Philippe,RE,2022-05-23 18:39:35,-21.3585,55.7679,72.99,83,64,14.07
22,Novyy Urengoy,RU,2022-05-23 18:38:07,66.0833,76.6333,44.58,67,100,5.21
23,Busselton,AU,2022-05-23 18:39:35,-33.65,115.3333,62.55,79,62,22.75
24,Pevek,RU,2022-05-23 18:39:35,69.7008,170.3133,36.75,84,32,11.25
25,Vallenar,CL,2022-05-23 18:39:35,-28.5708,-70.7581,80.6,20,69,7.72
26,Eureka,US,2022-05-23 18:39:36,40.8021,-124.1637,60.13,79,100,7.0
27,Torbay,CA,2022-05-23 18:35:36,47.6666,-52.7314,70.57,45,75,29.93
28,Ahipara,NZ,2022-05-23 18:39:36,-35.1667,173.1667,53.26,70,66,4.97
29,Winslow,US,2022-05-23 18:39:36,35.0242,-110.6974,78.98,15,0,9.22
30,Hamilton,US,2022-05-23 18:36:33,39.1834,-84.5333,65.25,68,100,9.22
31,Mataura,NZ,2022-05-23 18:39:37,-46.1927,168.8643,52.48,80,58,8.3
32,Sitka,US,2022-05-23 18:39:37,57.0531,-135.33,46.29,87,100,11.5
33,Hithadhoo,MV,2022-05-23 18:39:37,-0.6,73.0833,84.0,74,73,11.27
34,Severo-Kurilsk,RU,2022-05-23 18:39:37,50.6789,156.125,40.75,97,100,15.5
35,Ponta Do Sol,PT,2022-05-23 18:39:38,32.6667,-17.1,71.71,72,17,5.12
36,Hualmay,PE,2022-05-23 18:39:38,-11.0964,-77.6139,69.35,70,5,10.56
37,Hilo,US,2022-05-23 18:39:38,19.7297,-155.09,82.27,79,75,5.75
38,Tuktoyaktuk,CA,2022-05-23 18:39:38,69.4541,-133.0374,23.0,80,100,9.22
39,Lujan,AR,2022-05-23 18:39:39,-34.5703,-59.105,71.02,58,100,1.99
40,Sioux Lookout,CA,2022-05-23 18:37:41,50.1001,-91.917,62.67,36,75,12.66
41,Goderich,CA,2022-05-23 18:39:39,43.7501,-81.7165,48.52,76,100,12.66
42,Rapar,IN,2022-05-23 18:39:39,23.5667,70.6333,82.94,77,0,21.0
43,Tasiilaq,GL,2022-05-23 18:39:39,65.6145,-37.6368,35.76,99,100,11.99
44,Ancud,CL,2022-05-23 18:39:40,-41.8697,-73.8203,49.06,78,100,17.52
45,Great Yarmouth,GB,2022-05-23 18:38:34,52.6083,1.7305,59.41,95,100,4.05
46,Sibolga,ID,2022-05-23 18:40:40,1.7427,98.7792,78.49,88,100,2.33
47,Russell,US,2022-05-23 18:40:40,32.3502,-85.1999,83.12,65,75,10.36
48,Saldanha,ZA,2022-05-23 18:40:40,-33.0117,17.9442,59.05,90,79,6.26
49,Solvychegodsk,RU,2022-05-23 18:40:41,61.3305,46.9156,29.43,99,100,1.66
50,Bambous Virieux,MU,2022-05-23 18:40:41,-20.3428,57.7575,75.45,73,75,14.97
51,Qaqortoq,GL,2022-05-23 18:40:41,60.7167,-46.0333,37.06,76,100,11.41
52,Avarua,CK,2022-05-23 18:35:42,-21.2078,-159.775,77.05,88,20,3.44
53,Inuvik,CA,2022-05-23 18:40:42,68.3499,-133.7218,24.01,73,75,4.61
54,Haines Junction,CA,2022-05-23 18:40:42,60.7522,-137.5108,48.15,49,100,2.3
55,Bukama,CD,2022-05-23 18:40:42,-9.2,25.85,75.43,54,79,1.41
56,Myski,RU,2022-05-23 18:40:42,53.709,87.8014,44.92,82,0,2.53
57,Georgetown,MY,2022-05-23 18:40:43,5.4112,100.3354,82.33,93,20,3.44
58,Marsh Harbour,BS,2022-05-23 18:40:43,26.5412,-77.0636,79.72,71,8,16.62
59,Edd,ER,2022-05-23 18:40:43,13.9297,41.6925,83.43,83,0,7.83
60,Vanimo,PG,2022-05-23 18:40:43,-2.6741,141.3028,77.16,89,62,5.68
61,Cape Town,ZA,2022-05-23 18:40:44,-33.9258,18.4232,61.21,85,20,11.5
62,Sangueya,GN,2022-05-23 18:40:44,10.7,-14.3667,81.41,60,3,11.05
63,Bredasdorp,ZA,2022-05-23 18:40:44,-34.5322,20.0403,57.47,87,98,5.53
64,Cayenne,GF,2022-05-23 18:40:44,4.9333,-52.3333,84.09,34,75,3.44
65,Bilma,NE,2022-05-23 18:40:45,18.6853,12.9164,91.47,9,88,7.58
66,Ambilobe,MG,2022-05-23 18:40:45,-13.2,49.05,73.42,77,71,4.29
67,Cidreira,BR,2022-05-23 18:40:45,-30.1811,-50.2056,65.53,67,0,4.92
68,Emerald,AU,2022-05-23 18:37:55,-23.5333,148.1667,58.33,88,0,11.97
69,Ascension,US,2022-05-23 18:40:45,30.2169,-90.9001,86.07,79,75,0.0
70,Hambantota,LK,2022-05-23 18:40:46,6.1241,81.1185,79.92,83,87,18.88
71,Port Elizabeth,ZA,2022-05-23 18:40:46,-33.918,25.5701,59.29,88,0,5.75
72,Esperance,AU,2022-05-23 18:40:46,-33.8667,121.9,58.84,74,100,25.97
73,Kapaa,US,2022-05-23 18:40:46,22.0752,-159.319,77.47,76,40,11.5
74,Naco,MX,2022-05-23 18:40:47,31.3347,-109.9483,86.74,14,7,14.52
75,Dikson,RU,2022-05-23 18:40:47,73.5069,80.5464,18.1,91,8,7.58
76,Port Blair,IN,2022-05-23 18:40:47,11.6667,92.75,82.44,89,75,11.5
77,Lagoa,PT,2022-05-23 18:40:47,39.05,-27.9833,61.3,84,100,13.09
78,Albany,US,2022-05-23 18:38:04,42.6001,-73.9662,66.94,45,100,1.99
79,Khandyga,RU,2022-05-23 18:40:48,62.6667,135.6,38.95,90,63,5.59
80,Liancheng,CN,2022-05-23 18:40:48,24.0519,105.075,60.44,99,100,1.48
81,Avera,US,2022-05-23 18:40:48,33.194,-82.5271,80.11,68,100,10.49
82,Ilo,PE,2022-05-23 18:40:48,-17.6394,-71.3375,65.8,73,3,6.69
83,College,US,2022-05-23 18:38:22,64.8569,-147.8028,55.47,40,20,13.8
84,Codrington,AU,2022-05-23 18:40:49,-38.2667,141.9667,48.9,86,11,6.4
85,Puerto Ayora,EC,2022-05-23 18:40:49,-0.7393,-90.3518,82.36,92,51,1.99
86,Saint-Joseph,RE,2022-05-23 18:40:49,-21.3667,55.6167,70.18,81,30,13.02
87,Mandalgovi,MN,2022-05-23 18:40:49,45.7625,106.2708,56.48,46,1,21.05
88,San Patricio,US,2022-05-23 18:40:50,28.017,-97.5169,88.52,47,98,16.13
89,Kodinsk,RU,2022-05-23 18:40:50,58.6881,99.1844,51.85,75,10,3.56
90,Constitucion,CL,2022-05-23 18:40:50,-35.3333,-72.4167,54.9,91,100,1.68
91,Nabire,ID,2022-05-23 18:41:50,-3.3667,135.4833,75.13,94,84,3.98
92,Port Hedland,AU,2022-05-23 18:41:51,-20.3167,118.5667,75.25,100,100,8.05
93,Manyana,BW,2022-05-23 18:41:51,-23.4,21.7167,55.4,54,2,7.02
94,Saint Pete Beach,US,2022-05-23 18:41:51,27.7253,-82.7412,94.15,66,0,5.01
95,Chokurdakh,RU,2022-05-23 18:41:51,70.6333,147.9167,33.55,97,100,4.21
96,Touros,BR,2022-05-23 18:41:52,-5.1989,-35.4608,78.6,85,75,13.18
97,Jalu,LY,2022-05-23 18:41:52,29.0331,21.5482,80.58,9,0,8.05
98,Polson,US,2022-05-23 18:41:52,47.6936,-114.1632,62.73,47,100,4.27
99,Manavalakurichi,IN,2022-05-23 18:41:52,8.1333,77.3,80.15,87,98,12.82
100,Los Llanos De Aridane,ES,2022-05-23 18:41:53,28.6585,-17.9182,69.12,76,75,18.41
101,Ribeira Grande,PT,2022-05-23 18:41:53,38.5167,-28.7,64.8,88,75,14.97
102,Ilulissat,GL,2022-05-23 18:41:53,69.2167,-51.1,37.42,75,75,8.05
103,Atuona,PF,2022-05-23 18:41:53,-9.8,-139.0333,79.03,75,5,19.13
104,Alofi,NU,2022-05-23 18:41:54,-19.0595,-169.9187,69.69,94,40,3.44
105,Nome,US,2022-05-23 18:41:54,64.5011,-165.4064,56.16,60,0,0.0
106,Sampang,ID,2022-05-23 18:41:54,-7.1872,113.2394,81.7,76,100,10.22
107,Butaritari,KI,2022-05-23 18:41:54,3.0707,172.7902,81.9,79,100,15.95
108,Carnarvon,AU,2022-05-23 18:41:55,-24.8667,113.6333,71.29,63,94,14.18
109,Lasa,IT,2022-05-23 18:41:55,46.6166,10.7002,72.48,91,16,5.39
110,Hasaki,JP,2022-05-23 18:41:55,35.7333,140.8333,55.29,74,100,0.92
111,Fort Nelson,CA,2022-05-23 18:37:54,58.8053,-122.7002,51.39,62,75,3.44
112,Baijiantan,CN,2022-05-23 18:41:55,45.6333,85.1833,77.14,33,100,3.06
113,Leh,IN,2022-05-23 18:41:56,34.1667,77.5833,45.84,51,93,3.02
114,Taoudenni,ML,2022-05-23 18:41:56,22.6783,-3.9836,99.32,8,0,9.37
115,Pathein,MM,2022-05-23 18:41:56,16.7833,94.7333,75.06,97,100,6.93
116,Onalaska,US,2022-05-23 18:40:42,43.8844,-91.2351,62.46,36,20,5.99
117,Baykit,RU,2022-05-23 18:41:56,61.67,96.37,55.76,67,100,4.61
118,Talnakh,RU,2022-05-23 18:41:57,69.4865,88.3972,33.21,93,99,2.57
119,Natal,BR,2022-05-23 18:41:19,-5.795,-35.2094,79.45,83,100,12.66
120,Moscow,RU,2022-05-23 18:39:48,55.7522,37.6156,55.83,43,100,8.97
121,Teguise,ES,2022-05-23 18:41:57,29.0605,-13.564,68.22,64,75,19.57
122,Magistralnyy,RU,2022-05-23 18:41:57,56.1725,107.4458,45.23,81,7,2.8
123,Iqaluit,CA,2022-05-23 18:41:57,63.7506,-68.5145,20.93,57,75,19.57
124,Berezovka,BY,2022-05-23 18:41:58,53.7214,25.4993,51.64,76,29,5.32
125,Skibotn,NO,2022-05-23 18:41:58,69.3913,20.2679,44.94,97,85,12.62
126,Pangai,TO,2022-05-23 18:37:19,-19.8,-174.35,77.11,88,20,2.3
127,Yellowknife,CA,2022-05-23 18:41:58,62.456,-114.3525,37.92,65,75,9.22
128,Boysun,UZ,2022-05-23 18:41:59,38.2061,67.1986,58.57,50,0,3.09
129,Flin Flon,CA,2022-05-23 18:41:59,54.7682,-101.865,49.84,76,75,12.66
130,Fairbanks,US,2022-05-23 18:40:40,64.8378,-147.7164,55.49,40,20,13.8
131,Castro,BR,2022-05-23 18:41:59,-24.7911,-50.0119,65.35,54,2,4.25
132,Kununurra,AU,2022-05-23 18:41:59,-15.7667,128.7333,62.58,82,30,0.0
133,Srednekolymsk,RU,2022-05-23 18:42:00,67.45,153.6833,50.02,73,100,18.81
134,Norman Wells,CA,2022-05-23 18:42:00,65.282,-126.8329,46.44,61,75,4.61
135,Chowchilla,US,2022-05-23 18:40:42,37.123,-120.2602,89.02,28,0,11.5
136,Bethel,US,2022-05-23 18:43:00,41.3712,-73.414,75.02,49,0,8.05
137,Westport,US,2022-05-23 18:39:08,41.1415,-73.3579,76.35,48,100,3.0
138,Waipawa,NZ,2022-05-23 18:43:01,-41.4122,175.5153,42.69,90,4,3.27
139,Betare Oya,CM,2022-05-23 18:43:01,5.6,14.0833,68.34,98,100,2.01
140,Prachuap Khiri Khan,TH,2022-05-23 18:43:01,12.2167,99.75,81.57,88,100,5.59
141,Nakusp,CA,2022-05-23 18:43:01,50.2499,-117.8023,63.48,44,100,2.3
142,Matara,LK,2022-05-23 18:43:02,5.9485,80.5353,77.9,91,100,9.84
143,Amapa,BR,2022-05-23 18:43:02,1.0,-52.0,84.06,63,58,4.54
144,Okhotsk,RU,2022-05-23 18:43:02,59.3833,143.3,32.52,89,100,4.7
145,Katsuura,JP,2022-05-23 18:43:03,35.1333,140.3,61.18,81,100,3.4
146,Newtownards,GB,2022-05-23 18:43:03,54.5924,-5.6909,54.34,82,100,4.61
147,Kez,RU,2022-05-23 18:43:03,57.8979,53.7152,36.16,88,100,2.64
148,Port Arthur,CN,2022-05-23 18:43:04,38.8,121.2667,71.82,68,71,7.16
149,Thompson,CA,2022-05-23 18:43:04,55.7435,-97.8558,46.56,87,100,11.5
150,Fare,PF,2022-05-23 18:43:04,-16.7,-151.0167,80.94,72,1,14.25
151,Camana,PE,2022-05-23 18:43:05,-16.6228,-72.7111,67.12,74,21,8.63
152,Arica,CL,2022-05-23 18:38:59,-18.475,-70.3042,71.15,60,75,10.36
153,Talagang,PK,2022-05-23 18:43:05,32.9297,72.4158,73.17,39,0,5.44
154,Cabedelo,BR,2022-05-23 18:43:05,-6.9811,-34.8339,75.87,85,99,14.92
155,Cherskiy,RU,2022-05-23 18:43:05,68.75,161.3,53.01,45,93,20.04
156,Jamestown,US,2022-05-23 18:41:23,42.097,-79.2353,62.53,52,0,8.05
157,Bakel,SN,2022-05-23 18:43:06,14.905,-12.4568,99.54,16,22,7.61
158,Husavik,IS,2022-05-23 18:43:06,66.0449,-17.3389,39.49,81,71,4.81
159,Ramhormoz,IR,2022-05-23 18:43:06,31.28,49.6035,87.94,15,100,12.33
160,Nanortalik,GL,2022-05-23 18:43:07,60.1432,-45.2371,35.67,82,100,17.31
161,Cabo San Lucas,MX,2022-05-23 18:43:07,22.8909,-109.9124,88.61,53,0,11.5
162,Palmer,US,2022-05-23 18:43:07,42.1584,-72.3287,73.99,39,75,11.5
163,Upernavik,GL,2022-05-23 18:43:07,72.7868,-56.1549,31.66,92,100,3.38
164,Luderitz,NA,2022-05-23 18:43:08,-26.6481,15.1594,63.7,50,0,3.31
165,Liberty,US,2022-05-23 18:43:08,31.8335,-81.5004,90.27,68,40,6.91
166,Davidson,US,2022-05-23 18:43:08,36.1501,-86.7833,66.72,75,100,9.22
167,Mahebourg,MU,2022-05-23 18:43:08,-20.4081,57.7,75.49,73,75,14.97
168,Barrow,US,2022-05-23 18:43:09,71.2906,-156.7887,21.22,86,100,19.57
169,Vao,NC,2022-05-23 18:43:09,-22.6667,167.4833,72.32,79,100,18.28
170,Jumla,NP,2022-05-23 18:43:09,29.2747,82.1838,50.54,90,100,3.15
171,Santa Rosa,PH,2022-05-23 18:40:59,14.3122,121.1114,80.58,92,47,2.57
172,Nemuro,JP,2022-05-23 18:43:10,43.3236,145.575,44.46,92,99,12.66
173,Clyde River,CA,2022-05-23 18:43:10,70.4692,-68.5914,17.83,73,0,25.32
174,Hobyo,SO,2022-05-23 18:43:10,5.3505,48.5268,80.47,83,92,29.19
175,Zyryanskoye,RU,2022-05-23 18:43:10,56.8306,86.6258,51.58,59,60,3.8
176,Pergamino,AR,2022-05-23 18:43:11,-33.89,-60.5736,72.18,55,100,3.0
177,Khatanga,RU,2022-05-23 18:43:11,71.9667,102.5,25.12,84,73,11.3
178,Geraldton,AU,2022-05-23 18:43:11,-28.7667,114.6,63.01,82,75,14.97
179,Klaksvik,FO,2022-05-23 18:43:11,62.2266,-6.589,47.32,85,100,6.33
180,Camargo,MX,2022-05-23 18:43:12,27.6667,-105.1667,85.44,24,0,5.3
181,Batagay-Alyta,RU,2022-05-23 18:43:12,67.8006,130.4114,30.79,82,100,3.87
182,Kruisfontein,ZA,2022-05-23 18:43:12,-34.0033,24.7314,56.88,83,21,2.55
183,Nikolskoye,RU,2022-05-23 18:43:13,59.7035,30.7861,53.49,74,100,5.73
184,Whyalla,AU,2022-05-23 18:44:13,-33.0333,137.5833,59.95,65,100,8.37
185,Santiago,CL,2022-05-23 18:42:00,-33.4569,-70.6483,68.25,35,100,5.75
186,Nova Olimpia,BR,2022-05-23 18:44:13,-14.7972,-57.2881,90.39,28,87,2.35
187,Asfi,MA,2022-05-23 18:44:14,32.2994,-9.2372,67.39,81,7,19.26
188,Balabac,PH,2022-05-23 18:44:14,7.9868,117.0645,81.57,76,100,4.54
189,Tuatapere,NZ,2022-05-23 18:44:14,-46.1333,167.6833,49.68,85,50,9.93
190,Banjar,ID,2022-05-23 18:44:14,-8.19,114.9675,76.73,80,100,4.61
191,Hofn,IS,2022-05-23 18:44:15,64.2539,-15.2082,44.62,93,75,10.36
192,Isangel,VU,2022-05-23 18:44:15,-19.55,169.2667,75.88,83,89,7.49
193,Vryburg,ZA,2022-05-23 18:44:15,-26.9566,24.7284,55.04,59,3,3.38
194,Kavaratti,IN,2022-05-23 18:44:15,10.5669,72.642,83.35,81,100,15.41
195,Elat,IL,2022-05-23 18:44:16,29.5581,34.9482,85.84,19,0,9.22
196,Bantry,IE,2022-05-23 18:44:16,51.6833,-9.45,53.78,78,18,11.81
197,Lonoy,PH,2022-05-23 18:44:16,11.5122,122.5533,76.01,93,20,1.34
198,Maxixe,MZ,2022-05-23 18:44:16,-23.8597,35.3472,66.02,88,20,0.0
199,Saint George,US,2022-05-23 18:44:17,37.1041,-113.5841,77.25,18,0,4.61
200,Lorengau,PG,2022-05-23 18:44:17,-2.0226,147.2712,82.36,72,39,10.98
201,Santa Cruz De La Palma,ES,2022-05-23 18:44:17,28.6835,-17.7642,73.13,68,75,18.41
202,Ajdabiya,LY,2022-05-23 18:44:17,30.7554,20.2263,76.03,18,0,7.99
203,Kuminskiy,RU,2022-05-23 18:44:18,58.6667,66.5667,45.54,91,100,3.96
204,Kimbe,PG,2022-05-23 18:44:18,-5.5502,150.1429,75.45,94,62,4.14
205,Muroto,JP,2022-05-23 18:44:18,33.2833,134.15,68.7,73,94,3.31
206,Yuci,CN,2022-05-23 18:44:18,37.6803,112.7319,62.35,63,0,0.0
207,Bandarbeyla,SO,2022-05-23 18:44:19,9.4942,50.8122,80.98,83,74,21.36
208,Rio Grande,BR,2022-05-23 18:41:54,-32.035,-52.0986,69.91,68,13,6.67
209,Urengoy,RU,2022-05-23 18:44:19,65.9667,78.3667,44.69,68,77,5.95
210,Teguldet,RU,2022-05-23 18:44:19,57.3064,88.1667,48.31,69,12,1.57
211,Naze,JP,2022-05-23 18:44:20,28.3667,129.4833,59.92,90,100,9.48
212,Coihaique,CL,2022-05-23 18:44:20,-45.5752,-72.0662,39.81,81,100,11.5
213,Bone,DE,2022-05-23 18:44:20,51.9669,12.1396,69.26,55,93,13.31
214,Novoagansk,RU,2022-05-23 18:44:20,61.9449,76.6625,49.77,72,100,10.49
215,Trincomalee,LK,2022-05-23 18:44:21,8.5711,81.2335,82.67,76,100,20.07
216,Fortuna,US,2022-05-23 18:44:21,40.5982,-124.1573,59.86,82,75,12.66
217,Kavieng,PG,2022-05-23 18:44:21,-2.5744,150.7967,81.73,75,96,13.69
218,Luanda,AO,2022-05-23 18:41:46,-8.8368,13.2343,75.2,78,20,10.36
219,Kemijarvi,FI,2022-05-23 18:44:22,66.7131,27.4306,51.08,68,92,3.76
220,Port Lincoln,AU,2022-05-23 18:44:22,-34.7333,135.8667,61.9,64,100,13.58
221,Zhigansk,RU,2022-05-23 18:44:22,66.7697,123.3711,41.56,87,100,4.61
222,Makakilo City,US,2022-05-23 18:44:22,21.3469,-158.0858,79.12,61,0,9.22
223,Tessalit,ML,2022-05-23 18:40:07,20.1986,1.0114,94.21,21,60,12.77
224,Orange Cove,US,2022-05-23 18:43:09,36.6244,-119.3137,87.24,18,7,3.85
225,Muzaffarabad,PK,2022-05-23 18:44:21,34.37,73.4711,67.35,53,100,3.67
226,Matay,EG,2022-05-23 18:44:23,28.419,30.7792,80.31,16,0,7.63
227,Vostok,RU,2022-05-23 18:44:23,46.4856,135.8833,45.79,91,100,5.91
228,Cestas,FR,2022-05-23 18:44:23,44.7435,-0.6791,62.65,92,100,12.66
229,Hun,LY,2022-05-23 18:44:23,29.1268,15.9477,85.64,9,1,6.31
230,Acapulco,MX,2022-05-23 18:41:19,16.8634,-99.8901,85.82,70,0,8.05
231,Kodiak,US,2022-05-23 18:45:24,57.79,-152.4072,45.91,87,100,17.27
232,Kuna,US,2022-05-23 18:45:24,43.4918,-116.4201,67.05,34,20,5.75
233,Egvekinot,RU,2022-05-23 18:45:24,66.3167,-179.1667,44.55,59,0,2.42
234,Kybartai,LT,2022-05-23 18:45:24,54.6386,22.7632,53.96,68,65,4.47
235,Sao Joao Da Barra,BR,2022-05-23 18:45:25,-21.6403,-41.0511,77.09,62,11,10.89
236,Nara,JP,2022-05-23 18:45:25,34.6851,135.8049,62.69,43,92,3.71
237,Emba,KZ,2022-05-23 18:45:25,48.8264,58.1442,63.64,47,73,16.73
238,Olafsvik,IS,2022-05-23 18:45:26,64.8945,-23.7142,45.57,75,95,4.97
239,Umm Lajj,SA,2022-05-23 18:45:26,25.0213,37.2685,77.59,64,0,12.06
240,Yerbogachen,RU,2022-05-23 18:45:26,61.2767,108.0108,51.49,72,100,6.31
241,Motygino,RU,2022-05-23 18:45:26,58.1831,94.7592,52.23,93,100,3.69
242,Evanston,US,2022-05-23 18:40:41,42.0411,-87.6901,63.91,48,20,10.36
243,Bengkulu,ID,2022-05-23 18:45:27,-3.8004,102.2655,77.49,85,100,3.65
244,Ewa Beach,US,2022-05-23 18:45:27,21.3156,-158.0072,80.55,60,0,9.22
245,San Jose,US,2022-05-23 18:41:09,37.3394,-121.895,83.91,37,20,9.22
246,Walvis Bay,NA,2022-05-23 18:45:27,-22.9575,14.5053,66.09,40,73,5.77
247,Naryan-Mar,RU,2022-05-23 18:45:28,67.6713,53.087,32.77,96,100,15.77
248,New Norfolk,AU,2022-05-23 18:45:28,-42.7826,147.0587,44.71,87,13,1.77
249,Baruun-Urt,MN,2022-05-23 18:45:28,46.6806,113.2792,53.78,68,100,17.47
250,Santiago De Chuco,PE,2022-05-23 18:45:28,-8.15,-78.1833,60.15,58,79,5.66
251,Nagato,JP,2022-05-23 18:45:29,34.3833,131.2,60.21,60,15,4.21
252,Mayo,US,2022-05-23 18:44:04,38.8876,-76.5119,76.1,53,100,6.91
253,Bunda,TZ,2022-05-23 18:45:29,-2.05,33.8667,67.53,83,25,3.13
254,Kabwe,ZM,2022-05-23 18:45:29,-14.4469,28.4464,58.24,36,0,4.85
255,Maldonado,UY,2022-05-23 18:45:29,-34.6667,-54.9167,67.39,60,99,5.1
256,Huilong,CN,2022-05-23 18:45:30,31.8111,121.655,65.93,89,100,11.72
257,Wanning,CN,2022-05-23 18:45:30,18.8003,110.3967,79.03,91,100,4.56
258,Saurimo,AO,2022-05-23 18:45:30,-9.6608,20.3916,66.58,39,16,5.75
259,Tierranueva,MX,2022-05-23 18:45:30,21.6833,-100.5667,82.63,32,0,2.66
260,Komsomolskiy,UZ,2022-05-23 18:45:31,40.4272,71.7189,57.92,62,100,0.0
261,Wagar,SD,2022-05-23 18:45:31,16.1525,36.2032,97.32,18,0,7.05
262,Ixtapa,MX,2022-05-23 18:45:31,20.7,-105.2,93.33,34,8,8.88
263,Nisia Floresta,BR,2022-05-23 18:45:31,-6.0911,-35.2086,79.18,87,80,13.18
264,Teya,RU,2022-05-23 18:45:32,60.3778,92.6267,48.18,87,100,3.02
265,Henties Bay,NA,2022-05-23 18:45:32,-22.116,14.2845,61.57,66,91,4.18
266,Lask,PL,2022-05-23 18:45:32,51.5906,19.1328,60.37,73,23,8.88
267,Roald,NO,2022-05-23 18:45:32,62.5833,6.1333,57.99,67,75,12.66
268,Mucurapo,TT,2022-05-23 18:45:33,10.6667,-61.5333,90.01,61,100,8.72
269,Mecca,SA,2022-05-23 18:45:33,21.4267,39.8261,80.92,49,0,8.28
270,Mount Gambier,AU,2022-05-23 18:45:33,-37.8333,140.7667,48.25,87,5,6.11
271,Si Chiang Mai,TH,2022-05-23 18:45:33,17.9564,102.5867,75.47,95,100,2.17
272,Sao Felix Do Xingu,BR,2022-05-23 18:45:34,-6.6447,-51.995,87.3,55,26,3.29
273,Leshukonskoye,RU,2022-05-23 18:45:34,64.8989,45.7622,31.01,97,100,7.56
274,Margate,GB,2022-05-23 18:45:34,51.3813,1.3862,58.3,87,28,3.0
275,Mawlaik,MM,2022-05-23 18:45:34,23.6333,94.4167,77.76,85,100,1.5
276,Airai,TL,2022-05-23 18:45:35,-8.9266,125.4092,60.04,86,45,2.66
277,Namatanai,PG,2022-05-23 18:45:35,-3.6667,152.4333,79.05,83,27,7.23
278,Tiksi,RU,2022-05-23 18:46:35,71.6872,128.8694,32.4,99,100,1.77
279,Kahului,US,2022-05-23 18:41:35,20.8947,-156.47,80.62,64,20,12.66
280,Anadyr,RU,2022-05-23 18:46:36,64.75,177.4833,52.3,54,0,4.47
281,Anloga,GH,2022-05-23 18:46:36,5.7947,0.8973,81.82,76,100,11.74
282,Gunnedah,AU,2022-05-23 18:46:36,-30.9833,150.25,49.03,91,56,5.75
283,Chiang Klang,TH,2022-05-23 18:46:36,19.2938,100.8617,74.55,98,100,1.39
284,San Andres,CO,2022-05-23 18:42:40,12.5847,-81.7006,86.02,74,75,14.97
285,Tiznit,MA,2022-05-23 18:46:37,29.5833,-9.5,70.56,65,6,4.5
286,Tuxpan,MX,2022-05-23 18:46:37,19.55,-103.4,92.79,26,14,6.87
287,Madhupur,IN,2022-05-23 18:46:37,24.25,86.65,85.46,53,0,6.71
288,San Andres Itzapa,GT,2022-05-23 18:46:37,14.62,-90.8442,68.99,75,92,3.33
289,Carlyle,US,2022-05-23 18:41:39,38.6103,-89.3726,68.56,51,0,7.0
290,Chuy,UY,2022-05-23 18:46:38,-33.6971,-53.4616,62.08,66,100,3.67
291,San Vicente,AR,2022-05-23 18:46:38,-26.6167,-54.1333,70.45,46,0,3.6
292,Mount Isa,AU,2022-05-23 18:46:38,-20.7333,139.5,62.37,59,8,8.05
293,Labrea,BR,2022-05-23 18:46:38,-7.2586,-64.7981,82.96,69,100,1.86
294,Brae,GB,2022-05-23 18:46:39,60.3964,-1.353,50.58,81,79,8.08
295,Ostrovnoy,RU,2022-05-23 18:46:39,68.0531,39.5131,31.64,90,100,17.6
296,Khanpur,PK,2022-05-23 18:46:39,28.6453,70.6567,84.87,44,0,14.03
297,Slave Lake,CA,2022-05-23 18:46:39,55.2834,-114.769,60.78,44,40,8.05
298,Todos Santos,MX,2022-05-23 18:46:40,23.45,-110.2167,90.05,61,1,11.16
299,Kaitangata,NZ,2022-05-23 18:46:40,-46.2817,169.8464,51.46,70,10,15.73
300,Ketchikan,US,2022-05-23 18:46:40,55.3422,-131.6461,48.67,93,100,9.22
301,Balkanabat,TM,2022-05-23 18:46:40,39.5108,54.3671,88.43,15,100,18.3
302,Beloha,MG,2022-05-23 18:46:41,-25.1667,45.05,67.84,71,8,5.01
303,Hit,IQ,2022-05-23 18:46:41,33.6416,42.8251,79.63,26,0,7.99
304,Finschhafen,PG,2022-05-23 18:46:41,-6.6024,147.8681,79.25,78,5,6.04
305,Hongjiang,CN,2022-05-23 18:46:41,27.11,109.9956,64.63,99,100,0.56
306,Benguela,AO,2022-05-23 18:46:42,-12.5763,13.4055,71.65,79,0,5.57
307,Pacific Grove,US,2022-05-23 18:46:42,36.6177,-121.9166,75.22,74,0,8.01
308,Rocha,UY,2022-05-23 18:46:42,-34.4833,-54.3333,63.81,62,86,6.64
309,Shediac,CA,2022-05-23 18:46:42,46.2198,-64.5411,68.09,58,75,17.27
310,Kita,ML,2022-05-23 18:46:43,13.0349,-9.4895,91.04,34,97,9.51
311,Eltham,NZ,2022-05-23 18:46:43,-39.4292,174.3,52.68,90,78,3.83
312,Ondjiva,AO,2022-05-23 18:46:43,-17.0667,15.7333,59.76,25,0,4.43
313,Mattawa,US,2022-05-23 18:46:43,46.7379,-119.9028,76.01,31,10,10.0
314,Halifax,CA,2022-05-23 18:43:21,44.6453,-63.5724,60.22,78,100,11.99
315,Faanui,PF,2022-05-23 18:46:44,-16.4833,-151.75,81.14,72,6,15.23
316,Nambucca Heads,AU,2022-05-23 18:46:44,-30.65,153.0,59.16,83,83,6.15
317,Ganzhou,CN,2022-05-23 18:46:44,28.8184,115.4327,64.69,95,100,0.81
318,Tortoli,IT,2022-05-23 18:46:44,39.9256,9.6572,69.62,88,0,19.57
319,Itarema,BR,2022-05-23 18:46:45,-2.9248,-39.9167,82.18,77,43,5.66
320,Mineiros,BR,2022-05-23 18:46:45,-17.5694,-52.5511,78.4,29,75,3.36
321,Yar-Sale,RU,2022-05-23 18:46:45,66.8333,70.8333,37.47,91,100,8.23
322,Portland,US,2022-05-23 18:46:32,45.5234,-122.6762,69.48,49,100,5.75
323,Altenholz,DE,2022-05-23 18:46:45,54.4,10.1333,67.95,48,99,11.5
324,Cockburn Town,TC,2022-05-23 18:42:47,21.4612,-71.1419,84.16,65,40,14.97
325,Salalah,OM,2022-05-23 18:46:46,17.0151,54.0924,84.29,84,75,6.91
326,Carmen,MX,2022-05-23 18:46:46,18.6333,-91.8333,89.11,51,7,6.24
327,Oros,BR,2022-05-23 18:47:46,-6.2444,-38.9136,92.3,32,87,5.08
328,Jaisalmer,IN,2022-05-23 18:47:46,26.9147,70.9181,92.5,5,0,5.37
329,Celestun,MX,2022-05-23 18:47:47,20.8667,-90.4,89.76,53,19,10.56
330,Rio Gallegos,AR,2022-05-23 18:47:10,-51.6226,-69.2181,39.25,65,0,17.27
331,Songjianghe,CN,2022-05-23 18:47:47,42.1859,127.479,53.11,95,100,6.08
332,Coquimbo,CL,2022-05-23 18:44:39,-29.9533,-71.3436,65.93,59,0,12.66
333,Nizwa,OM,2022-05-23 18:47:47,22.9333,57.5333,88.52,9,0,1.12
334,Korla,CN,2022-05-23 18:47:48,41.7597,86.1469,77.11,20,92,14.14
335,Naftalan,AZ,2022-05-23 18:47:48,40.5067,46.825,58.42,79,100,21.9
336,Leningradskiy,RU,2022-05-23 18:47:48,69.3833,178.4167,36.66,89,25,3.76
337,Cangzhou,CN,2022-05-23 18:47:48,38.3167,116.8667,72.21,35,2,5.39
338,Sharlyk,RU,2022-05-23 18:47:49,52.9167,54.75,45.59,92,100,2.1
339,Koslan,RU,2022-05-23 18:47:49,63.4564,48.8989,34.32,99,100,4.23
340,Calama,CL,2022-05-23 18:47:49,-22.4667,-68.9333,70.29,8,0,13.8
341,Mar Del Plata,AR,2022-05-23 18:43:01,-38.0023,-57.5575,64.09,75,75,3.44
342,Nyaunglebin,MM,2022-05-23 18:47:49,17.95,96.7333,75.43,96,100,4.99
343,Trinidad,BO,2022-05-23 18:47:50,-14.8333,-64.9,85.98,62,40,6.91
344,Rio Verde De Mato Grosso,BR,2022-05-23 18:47:50,-18.9181,-54.8442,86.18,30,8,3.4
345,Victoria,HK,2022-05-23 18:42:57,22.2855,114.1577,77.18,95,100,5.99
346,Potenza,IT,2022-05-23 18:47:50,40.6443,15.8086,65.91,70,6,4.52
347,Kaeo,NZ,2022-05-23 18:47:50,-35.1,173.7833,49.86,80,0,4.79
348,Maniwaki,CA,2022-05-23 18:47:51,46.3834,-75.966,57.58,44,98,5.75
349,Nantucket,US,2022-05-23 18:47:51,41.2835,-70.0995,69.94,55,100,23.02
350,East London,ZA,2022-05-23 18:47:51,-33.0153,27.9116,63.54,82,0,5.75
351,Yulara,AU,2022-05-23 18:47:51,-25.2406,130.9889,63.95,49,100,8.21
352,Bonthe,SL,2022-05-23 18:47:52,7.5264,-12.505,79.48,81,100,10.33
353,Shimoda,JP,2022-05-23 18:47:52,34.6667,138.95,63.81,82,100,2.95
354,Ofunato,JP,2022-05-23 18:47:52,39.0717,141.7167,53.46,91,1,7.72
355,Huarmey,PE,2022-05-23 18:47:52,-10.0681,-78.1522,70.86,70,3,11.18
356,Methala,IN,2022-05-23 18:47:53,10.2166,76.2166,78.8,94,55,1.16
357,Port Augusta,AU,2022-05-23 18:47:53,-32.5,137.7667,56.66,66,100,5.1
358,Karratha,AU,2022-05-23 18:47:53,-20.7377,116.8463,73.51,80,99,6.71
359,Suarez,CO,2022-05-23 18:47:53,2.954,-76.6964,77.47,79,96,3.87
360,Didao,CN,2022-05-23 18:47:54,45.3667,130.8,55.54,90,100,5.61
361,Provideniya,RU,2022-05-23 18:47:54,64.3833,-173.3,51.26,44,10,2.51
362,Pak Phanang,TH,2022-05-23 18:47:54,8.3511,100.202,85.06,81,100,5.68
363,Sand Springs,US,2022-05-23 18:47:54,36.1398,-96.1089,57.9,93,100,12.66
364,Alyangula,AU,2022-05-23 18:47:55,-13.8483,136.4192,76.35,72,94,8.9
365,Bayburt,TR,2022-05-23 18:47:55,40.2589,40.2278,42.76,75,96,1.74
366,Aklavik,CA,2022-05-23 18:47:55,68.2191,-135.0107,31.15,61,94,0.16
367,Nador,MA,2022-05-23 18:47:55,35.174,-2.9287,82.47,44,0,12.66
368,Kroya,ID,2022-05-23 18:47:56,-7.6331,109.2461,77.76,85,46,4.34
369,Mersing,MY,2022-05-23 18:47:56,2.4312,103.8405,76.91,94,40,5.75
370,Anito,PH,2022-05-23 18:47:56,12.4497,125.2886,76.93,93,51,4.16
371,Bijawar,IN,2022-05-23 18:47:56,24.6333,79.5,86.65,32,49,6.91
372,Hirara,JP,2022-05-23 18:47:57,24.8,125.2833,78.37,87,84,8.68
373,Te Anau,NZ,2022-05-23 18:47:57,-45.4167,167.7167,48.45,84,93,4.9
374,Berezovyy,RU,2022-05-23 18:48:57,51.6667,135.7,43.47,99,100,2.98
375,Goksun,TR,2022-05-23 18:48:57,38.021,36.4973,53.64,68,82,10.2
376,Antofagasta,CL,2022-05-23 18:48:58,-23.65,-70.4,61.88,70,40,6.24
377,Wattegama,LK,2022-05-23 18:48:58,6.7989,81.4808,75.67,87,92,7.09
378,Conceicao Do Araguaia,BR,2022-05-23 18:48:58,-8.2578,-49.2647,87.3,53,45,3.69
379,Nivala,FI,2022-05-23 18:48:58,63.9167,24.9667,49.8,54,0,4.41
380,Meadow Lake,US,2022-05-23 18:48:59,34.8014,-106.5436,78.71,19,100,13.47
381,Hovd,MN,2022-05-23 18:48:59,48.0056,91.6419,63.73,45,100,1.86
382,Lavrentiya,RU,2022-05-23 18:48:59,65.5833,-171.0,37.8,69,9,0.38
383,Guerrero Negro,MX,2022-05-23 18:46:16,27.9769,-114.0611,67.8,56,1,14.2
384,Trairi,BR,2022-05-23 18:48:24,-3.2778,-39.2689,81.19,84,13,5.79
385,Gat,IL,2022-05-23 18:48:59,31.61,34.7642,70.39,75,0,1.36
386,Tecoanapa,MX,2022-05-23 18:49:00,16.5167,-98.75,85.77,61,0,11.9
387,Belozerskoye,RU,2022-05-23 18:49:00,55.8214,65.5842,51.73,97,100,9.06
388,Tres Passos,BR,2022-05-23 18:47:32,-27.4556,-53.9319,68.23,65,0,4.63
389,Saskylakh,RU,2022-05-23 18:49:00,71.9167,114.0833,26.85,96,100,11.99
390,Maragogi,BR,2022-05-23 18:49:01,-9.0122,-35.2225,77.59,84,98,13.65
391,Pochutla,MX,2022-05-23 18:49:01,15.7432,-96.4661,91.22,38,0,10.31
392,Inirida,CO,2022-05-23 18:49:01,3.8653,-67.9239,83.8,66,44,3.67
393,Winkler,CA,2022-05-23 18:49:02,49.1817,-97.941,63.37,34,97,12.66
394,Muros,ES,2022-05-23 18:49:02,42.7762,-9.0603,64.69,61,1,11.36
395,Ledyard,US,2022-05-23 18:44:53,41.4398,-72.0142,77.05,51,0,1.99
396,Dabakala,CI,2022-05-23 18:49:02,8.3667,-4.4333,79.86,69,85,3.83
397,Sijunjung,ID,2022-05-23 18:49:03,-0.6876,100.9537,73.06,96,99,1.43
398,Havelock,US,2022-05-23 18:45:04,34.8791,-76.9013,84.2,77,40,5.75
399,Vysha,RU,2022-05-23 18:49:03,53.8477,42.3777,38.57,89,86,6.73
400,Mier,MX,2022-05-23 18:49:03,26.4333,-99.15,91.38,43,93,13.44
401,Heze,CN,2022-05-23 18:48:58,35.2431,115.4411,71.04,50,11,6.55
402,Takhli,TH,2022-05-23 18:49:03,15.2634,100.3438,81.75,79,100,8.68
403,Tezu,IN,2022-05-23 18:49:04,27.9167,96.1667,75.81,77,98,3.47
404,Kudahuvadhoo,MV,2022-05-23 18:49:04,2.6708,72.8944,83.93,75,98,12.12
405,Sterling,US,2022-05-23 18:49:04,39.0062,-77.4286,74.41,55,75,11.99
406,Hokitika,NZ,2022-05-23 18:49:05,-42.7167,170.9667,49.69,82,99,1.21
407,Kutum,SD,2022-05-23 18:49:05,14.2,24.6667,82.33,14,10,12.15
408,Smoky Lake,CA,2022-05-23 18:49:05,54.1169,-112.4686,66.36,34,99,3.44
409,Mujiayingzi,CN,2022-05-23 18:49:05,42.1167,118.7833,66.25,40,36,13.8
410,Ahuimanu,US,2022-05-23 18:49:06,21.4447,-157.8378,80.31,65,20,9.22
411,Menongue,AO,2022-05-23 18:49:06,-14.6585,17.691,54.41,42,0,3.76
412,Tura,IN,2022-05-23 18:49:06,25.5198,90.2201,72.63,89,0,4.03
413,Marfino,RU,2022-05-23 18:49:06,55.7028,37.3822,53.74,25,0,6.71
414,Lebu,CL,2022-05-23 18:48:11,-37.6167,-73.65,51.66,64,100,1.7
415,Shingu,JP,2022-05-23 18:49:08,33.7333,135.9833,62.78,80,100,4.97
416,Impfondo,CG,2022-05-23 18:49:08,1.6381,18.0667,70.5,98,100,4.74
417,Sawakin,SD,2022-05-23 19:05:04,19.1059,37.3321,82.11,55,1,10.16
418,Sechura,PE,2022-05-23 19:05:04,-5.5569,-80.8222,76.57,58,19,13.58
419,Khabary,RU,2022-05-23 19:05:04,53.6259,79.5345,56.61,40,6,4.12
420,Yaan,NG,2022-05-23 19:05:05,7.3833,8.5667,74.73,85,95,8.39
421,Maceio,BR,2022-05-23 19:03:17,-9.6658,-35.7353,81.84,69,75,12.66
422,Jalingo,NG,2022-05-23 19:05:05,8.8833,11.3667,78.12,76,92,5.14
423,Williston,US,2022-05-23 19:02:01,48.147,-103.618,63.34,45,92,8.99
424,Manadhoo,MV,2022-05-23 19:05:06,5.7667,73.3833,82.85,80,100,16.22
425,Longyearbyen,SJ,2022-05-23 19:05:06,78.2186,15.6401,35.44,87,100,1.14
426,Biltine,TD,2022-05-23 19:05:06,14.5333,20.9167,90.93,10,3,11.07
427,Arlit,NE,2022-05-23 19:05:06,18.7369,7.3853,93.33,14,100,3.78
428,Chaohu,CN,2022-05-23 19:05:07,31.6,117.8667,63.64,92,100,4.81
429,Formosa Do Rio Preto,BR,2022-05-23 19:05:07,-11.0483,-45.1931,88.38,32,12,6.49
430,Payakumbuh,ID,2022-05-23 19:05:07,-0.2202,100.6308,71.8,97,100,0.96
431,Mocuba,MZ,2022-05-23 19:05:07,-16.8392,36.9856,69.64,99,75,4.07
432,Lompoc,US,2022-05-23 19:05:08,34.6391,-120.4579,84.69,59,0,14.97
433,Bara,NG,2022-05-23 19:05:08,10.3744,10.7288,84.81,55,90,13.29
434,Bollnas,SE,2022-05-23 19:05:08,61.3482,16.3946,54.95,52,98,3.6
435,Kuandian,CN,2022-05-23 19:05:09,40.7286,124.7847,54.73,88,97,2.42
436,Amahai,ID,2022-05-23 19:05:09,-3.3333,128.9167,78.31,86,78,2.3
437,Harper,LR,2022-05-23 19:05:09,4.375,-7.7169,77.67,86,97,9.71
438,Predivinsk,RU,2022-05-23 19:05:09,57.0669,93.4378,54.72,93,100,4.41
439,Cedar City,US,2022-05-23 19:00:57,37.6775,-113.0619,62.4,21,77,12.01
440,San Cristobal,VE,2022-05-23 19:05:10,7.7669,-72.225,80.78,42,30,6.49
441,Camacupa,AO,2022-05-23 19:05:10,-12.0167,17.4833,61.38,45,100,4.45
442,Dibrugarh,IN,2022-05-23 19:05:10,27.4833,94.9,76.51,86,97,1.99
443,Chicama,PE,2022-05-23 19:05:11,-7.8447,-79.1469,64.94,61,60,10.25
444,Vila Velha,BR,2022-05-23 19:03:37,-20.3297,-40.2925,76.95,53,75,6.91
445,Sangmelima,CM,2022-05-23 19:05:11,2.9333,11.9833,67.28,99,100,1.57
446,Lethem,GY,2022-05-23 19:05:12,3.3803,-59.7968,83.43,69,63,6.44
447,Thinadhoo,MV,2022-05-23 19:05:12,0.5333,72.9333,84.61,72,62,13.51
448,Puerto Quijarro,BO,2022-05-23 19:05:12,-17.7833,-57.7667,91.98,29,36,5.17
449,Pisco,PE,2022-05-23 19:05:12,-13.7,-76.2167,68.02,77,2,9.22
450,Yabrud,SY,2022-05-23 19:05:13,33.9674,36.6574,58.05,41,0,5.75
451,Swan Hill,AU,2022-05-23 19:05:13,-35.3378,143.5544,49.15,81,0,6.02
452,Tlacotepec,MX,2022-05-23 19:05:13,20.0667,-97.8667,84.76,41,0,10.36
453,Kulhudhuffushi,MV,2022-05-23 19:05:13,6.6221,73.07,83.28,79,90,15.88
454,Ormara,PK,2022-05-23 19:05:14,25.2088,64.6357,83.25,82,0,18.28
455,Warrnambool,AU,2022-05-23 19:05:14,-38.3833,142.4833,47.8,84,10,8.97
456,Whitehorse,CA,2022-05-23 19:05:14,60.7161,-135.0538,54.1,34,75,8.05
457,Terrasini,IT,2022-05-23 19:05:14,38.146,13.0844,76.08,70,0,4.61
458,Yumbe,UG,2022-05-23 19:05:15,3.4651,31.2469,69.24,84,13,4.03
459,Calamar,CO,2022-05-23 19:06:15,10.2511,-74.9146,94.33,47,10,2.04
460,Kloulklubed,PW,2022-05-23 19:06:15,7.0419,134.2556,75.7,77,85,14.47
461,Nouakchott,MR,2022-05-23 19:03:05,18.0858,-15.9785,67.93,87,2,14.18
462,Jacareacanga,BR,2022-05-23 19:06:16,-6.2222,-57.7528,92.19,37,66,3.51
463,Rawson,AR,2022-05-23 19:06:16,-43.3002,-65.1023,55.65,33,7,17.92
464,Yilan,TW,2022-05-23 19:06:16,24.757,121.753,77.36,99,100,0.65
465,Dunedin,NZ,2022-05-23 19:06:16,-45.8742,170.5036,48.79,64,6,15.59
466,Gwembe,ZM,2022-05-23 19:06:17,-16.4975,27.6069,52.84,40,0,1.9
467,Berlevag,NO,2022-05-23 19:06:17,70.8578,29.0864,42.8,70,0,18.41
468,Antalaha,MG,2022-05-23 19:06:17,-14.9003,50.2788,69.67,82,24,6.89
469,Talara,PE,2022-05-23 19:06:18,-4.5772,-81.2719,75.96,60,0,19.57
470,Caravelas,BR,2022-05-23 19:06:18,-17.7125,-39.2481,71.8,82,85,6.71
471,Oriximina,BR,2022-05-23 19:06:18,-1.7656,-55.8661,81.68,78,100,4.56
472,Golaghat,IN,2022-05-23 19:06:16,26.5167,93.9667,74.35,88,9,2.98
473,Mangaratiba,BR,2022-05-23 19:06:18,-22.9597,-44.0406,73.58,69,98,7.74
474,Middle Island,US,2022-05-23 19:06:19,40.8843,-72.9373,75.09,43,0,9.22
475,Lima,PE,2022-05-23 19:01:35,-12.0432,-77.0282,68.05,68,2,7.78
476,Skagen,DK,2022-05-23 19:06:19,57.7209,10.5839,55.99,79,71,16.02
477,Dali,CN,2022-05-23 19:06:19,25.7,100.1833,61.41,89,8,1.9
478,Loreto,MX,2022-05-23 19:06:19,22.2667,-101.9667,83.34,19,0,13.33
479,Seoul,KR,2022-05-23 19:04:17,37.5683,126.9778,60.19,70,0,3.04
480,Catuday,PH,2022-05-23 19:06:20,16.2923,119.8062,79.47,81,98,12.66
481,San Antonio,US,2022-05-23 19:04:03,29.4241,-98.4936,87.91,58,75,12.66
482,Alta Floresta,BR,2022-05-23 19:06:20,-9.8756,-56.0861,84.45,43,5,3.58
483,Prince George,CA,2022-05-23 19:06:20,53.9166,-122.753,54.28,76,100,6.85
484,Bonoua,CI,2022-05-23 19:06:20,5.2741,-3.595,82.02,88,7,3.69
485,Samfya,ZM,2022-05-23 19:06:21,-11.3649,29.5565,66.72,70,9,4.76
486,Saint-Pierre,RE,2022-05-23 19:01:49,-21.3393,55.4781,71.28,78,100,5.75
487,Xinxiang,CN,2022-05-23 19:06:21,35.3089,113.8672,71.49,47,8,2.33
488,Lata,PT,2022-05-23 19:06:21,40.1629,-8.3327,59.29,66,100,10.63
489,Savannah Bight,HN,2022-05-23 19:06:21,16.45,-85.85,81.0,75,100,17.16
490,La Rioja,ES,2022-05-23 19:06:22,42.25,-2.5,53.38,90,100,7.38
491,Barcelos,PT,2022-05-23 19:02:52,41.5388,-8.6151,62.92,69,73,11.32
492,Campo Verde,BR,2022-05-23 19:06:22,-20.4167,-54.0667,82.38,30,5,0.65
493,Salinas,US,2022-05-23 19:06:22,36.6777,-121.6555,82.0,52,0,11.5
494,Chumikan,RU,2022-05-23 19:06:23,54.7183,135.315,33.1,99,100,14.72
495,Burshtyn,UA,2022-05-23 19:06:23,49.2587,24.6278,48.49,88,18,3.67
496,Barreirinha,BR,2022-05-23 19:06:23,-2.7933,-57.07,83.37,72,100,3.49
497,Belmonte,BR,2022-05-23 19:06:23,-15.8631,-38.8828,75.4,74,14,10.58
498,Padang,ID,2022-05-23 19:06:24,-0.9492,100.3543,78.03,86,99,3.6
499,Sarkand,KZ,2022-05-23 19:06:24,45.41,79.9186,56.17,69,19,4.29
500,Olds,CA,2022-05-23 19:06:24,51.7834,-114.102,64.85,26,17,3.89
501,Roma,US,2022-05-23 19:06:24,43.2128,-75.4557,66.51,53,75,9.22
502,Senador Guiomard,BR,2022-05-23 19:06:25,-10.1522,-67.7392,87.55,49,14,2.59
503,Sobolevo,RU,2022-05-23 19:06:25,54.4299,31.8996,46.2,75,78,10.13
504,Virginia Beach,US,2022-05-23 19:04:54,36.8529,-75.978,74.01,66,75,12.66
505,Romny,UA,2022-05-23 19:06:25,50.751,33.4747,50.61,62,100,3.38
506,Wahpeton,US,2022-05-23 19:06:25,46.2652,-96.6059,64.42,34,0,19.57
507,Baculin,PH,2022-05-23 19:07:26,7.4525,126.5842,78.15,83,93,4.76
508,Araouane,ML,2022-05-23 19:07:26,18.9048,-3.5265,93.79,6,0,9.13
509,Faya,SA,2022-05-23 19:07:26,18.3851,42.4509,72.12,27,0,3.83
510,Bathsheba,BB,2022-05-23 19:07:27,13.2167,-59.5167,84.81,65,20,16.11
511,Anshun,CN,2022-05-23 19:07:27,26.25,105.9333,57.63,96,100,3.24
512,Nikolayevka,RU,2022-05-23 19:07:27,53.1257,47.2041,38.03,83,12,4.88
513,Pangody,RU,2022-05-23 19:07:27,65.85,74.4859,44.67,59,100,5.57
514,Ambrolauri,GE,2022-05-23 19:07:28,42.5211,43.1622,51.21,100,100,3.6
515,Svetlaya,RU,2022-05-23 19:07:28,46.5389,138.3297,41.18,92,100,4.36
516,Whitianga,NZ,2022-05-23 19:07:12,-36.8333,175.7,50.4,86,11,4.05
517,Cap Malheureux,MU,2022-05-23 19:07:29,-19.9842,57.6142,72.46,78,91,5.01
518,Sept-Iles,CA,2022-05-23 19:06:48,50.2001,-66.3821,57.06,43,48,8.99
519,Ottumwa,US,2022-05-23 19:03:48,41.02,-92.4113,66.74,37,0,12.66
520,Novobureyskiy,RU,2022-05-23 19:07:29,49.798,129.8774,47.91,87,100,6.58
521,Yumen,CN,2022-05-23 19:07:29,40.2833,97.2,72.12,17,100,27.11
522,Haapiti,PF,2022-05-23 19:07:29,-17.5667,-149.8667,82.13,70,7,14.81
523,Turiacu,BR,2022-05-23 19:07:30,-1.6633,-45.3717,78.85,90,67,4.16
524,Grand Gaube,MU,2022-05-23 19:07:30,-20.0064,57.6608,72.37,78,96,5.01
525,Kampene,CD,2022-05-23 19:07:30,-3.6,26.6667,69.6,96,29,1.07
526,Dondo,MZ,2022-05-23 19:07:31,-19.6094,34.7431,64.89,65,2,3.85
527,Hays,US,2022-05-23 19:07:31,30.0502,-98.0336,85.37,57,100,3.0
528,Shitanjing,CN,2022-05-23 19:05:12,39.2342,106.3439,65.73,30,3,5.93
529,Swan River,CA,2022-05-23 19:07:31,52.1058,-101.2676,63.1,36,76,16.35
530,Lerwick,GB,2022-05-23 19:07:31,60.1545,-1.1494,50.0,80,89,8.23
531,Prado,BR,2022-05-23 19:04:22,-17.3411,-39.2208,73.6,73,45,6.96
532,Cozumel,MX,2022-05-23 19:03:29,20.5083,-86.9458,89.67,71,75,8.01
533,Andilamena,MG,2022-05-23 19:07:32,-17.0167,48.5833,56.19,98,98,3.85
534,Gambo,CF,2022-05-23 19:07:32,4.6482,22.2633,71.62,99,100,1.88
535,Maryborough,AU,2022-05-23 19:07:32,-25.5333,152.7,65.1,95,100,6.44
536,Chimore,BO,2022-05-23 19:07:32,-16.9833,-65.1333,78.37,71,100,2.42
537,Jiangkou,CN,2022-05-23 19:07:33,25.4872,119.1986,66.56,96,100,4.74
538,Andijon,UZ,2022-05-23 19:07:33,40.7821,72.3442,54.68,51,100,3.58
539,Male,MV,2022-05-23 19:07:33,4.1748,73.5089,83.5,75,100,13.85
540,Trenggalek,ID,2022-05-23 19:07:33,-8.05,111.7167,74.35,89,99,2.62
541,Shaunavon,CA,2022-05-23 19:07:34,49.6501,-108.4181,62.24,22,16,1.72
542,Makat,KZ,2022-05-23 19:07:34,47.6469,53.3463,68.09,51,100,11.05
543,Kijang,KR,2022-05-23 19:07:34,35.2442,129.2139,65.57,78,92,4.32
544,Jutai,BR,2022-05-23 19:07:34,-5.1833,-68.9,86.72,60,79,3.8
545,Goure,NE,2022-05-23 19:07:35,13.9835,10.2704,87.1,10,100,3.0
546,Nuuk,GL,2022-05-23 19:03:19,64.1835,-51.7216,29.01,100,100,17.27
547,Axim,GH,2022-05-23 19:07:35,4.8699,-2.2405,78.91,81,98,7.45
548,Lefka,CY,2022-05-23 19:07:35,35.1106,32.8506,64.08,53,0,10.22
549,Kamenka,RU,2022-05-23 19:07:35,51.3223,42.7678,40.44,78,8,4.83
550,Galveston,US,2022-05-23 19:07:36,29.3669,-94.9669,86.18,75,100,11.5
551,Chapais,CA,2022-05-23 19:07:36,49.7834,-74.8492,52.9,39,100,5.32
552,General Pico,AR,2022-05-23 19:07:36,-35.6566,-63.7568,62.58,45,100,13.24
553,Leonidovo,RU,2022-05-23 22:57:32,49.2833,142.8667,45.48,89,99,5.73
554,Bonavista,CA,2022-05-23 22:57:33,48.6499,-53.1147,43.72,97,100,17.98
555,Bandar-E Lengeh,IR,2022-05-23 22:57:33,26.5579,54.8807,86.76,47,0,3.51
556,Cotonou,BJ,2022-05-23 22:52:48,6.3654,2.4183,80.38,79,95,6.08
557,Astana,KZ,2022-05-23 22:57:33,51.1801,71.446,42.75,75,0,4.47
