City_ID,City,Country,Date,Lat,Lng,Max Temp,Humidity,Cloudiness,Wind Speed,Current Description
0,Provideniya,RU,2022-05-27 23:23:59,64.3833,-173.3,43.52,72,62,8.43,broken clouds
1,Busselton,AU,2022-05-27 23:22:50,-33.65,115.3333,53.87,75,46,6.15,scattered clouds
2,Carnarvon,AU,2022-05-27 23:32:13,-24.8667,113.6333,70.77,70,100,7.0,overcast clouds
3,Butaritari,KI,2022-05-27 23:23:56,3.0707,172.7902,81.05,75,66,7.52,light rain
4,Dehui,CN,2022-05-27 23:32:13,44.5333,125.7,68.45,49,94,8.41,overcast clouds
5,Kapaa,US,2022-05-27 23:23:55,22.0752,-159.319,81.12,65,100,10.36,overcast clouds
6,Moose Factory,CA,2022-05-27 23:32:13,51.2585,-80.6094,62.6,39,0,10.36,clear sky
7,Baruun-Urt,MN,2022-05-27 23:32:14,46.6806,113.2792,51.89,26,86,6.02,overcast clouds
8,Khatanga,RU,2022-05-27 23:22:42,71.9667,102.5,33.12,75,98,3.06,overcast clouds
9,Manitouwadge,CA,2022-05-27 23:32:14,49.1215,-85.8403,57.06,70,92,2.77,overcast clouds
10,Puerto Ayora,EC,2022-05-27 23:25:08,-0.7393,-90.3518,73.54,87,52,4.0,broken clouds
11,Shubarkuduk,KZ,2022-05-27 23:32:14,49.1447,56.4872,57.16,72,78,9.44,broken clouds
12,Hobart,AU,2022-05-27 23:20:32,-42.8794,147.3294,44.26,88,0,11.5,clear sky
13,Machilipatnam,IN,2022-05-27 23:32:15,16.1667,81.1333,84.2,79,6,10.07,clear sky
14,Saint-Philippe,RE,2022-05-27 23:29:06,-21.3585,55.7679,67.59,82,11,8.1,light rain
15,Aberdeen,GB,2022-05-27 23:27:44,57.1437,-2.0981,48.69,90,75,10.36,light rain
16,Lorengau,PG,2022-05-27 23:32:15,-2.0226,147.2712,83.21,62,99,4.41,overcast clouds
17,Husavik,IS,2022-05-27 23:32:16,66.0449,-17.3389,38.52,82,27,5.77,scattered clouds
18,Aksu,CN,2022-05-27 23:32:16,41.1231,80.2644,72.21,24,0,1.59,clear sky
19,Chokurdakh,RU,2022-05-27 23:22:44,70.6333,147.9167,33.15,73,100,10.36,overcast clouds
20,Beberibe,BR,2022-05-27 23:32:16,-4.1797,-38.1306,76.66,86,74,9.66,broken clouds
21,Kouango,CF,2022-05-27 23:32:17,4.9934,19.9619,71.44,90,11,2.3,moderate rain
22,Grand Gaube,MU,2022-05-27 23:32:17,-20.0064,57.6608,70.2,78,0,8.05,clear sky
23,Shirgaon,IN,2022-05-27 23:32:17,19.7,72.7,83.61,67,25,14.36,scattered clouds
24,Biltine,TD,2022-05-27 23:32:18,14.5333,20.9167,82.76,8,1,8.12,clear sky
25,Tiksi,RU,2022-05-27 23:22:50,71.6872,128.8694,30.36,88,100,5.73,overcast clouds
26,Bend,US,2022-05-27 23:32:03,44.0582,-121.3153,53.49,77,75,8.05,broken clouds
27,Bredasdorp,ZA,2022-05-27 23:24:02,-34.5322,20.0403,54.41,94,26,3.11,scattered clouds
28,Upernavik,GL,2022-05-27 23:22:49,72.7868,-56.1549,27.23,95,100,4.27,light snow
29,Nikolskoye,RU,2022-05-27 23:32:18,59.7035,30.7861,49.91,97,90,2.24,overcast clouds
30,Bluff,NZ,2022-05-27 23:22:48,-46.6,168.3333,51.8,80,97,9.82,overcast clouds
31,Atuona,PF,2022-05-27 23:29:05,-9.8,-139.0333,78.51,75,34,19.82,scattered clouds
32,Astolfo Dutra,BR,2022-05-27 23:32:18,-21.3153,-42.8622,65.66,82,87,1.77,overcast clouds
33,Kalmunai,LK,2022-05-27 23:32:19,7.4167,81.8167,77.74,84,96,5.77,overcast clouds
34,Dawson Creek,CA,2022-05-27 23:32:19,55.7666,-120.2362,53.24,76,75,5.75,broken clouds
35,Ushuaia,AR,2022-05-27 23:18:44,-54.8,-68.3,35.26,87,100,21.85,light snow
36,Rikitea,PF,2022-05-27 23:22:51,-23.1203,-134.9692,76.73,74,12,12.66,few clouds
37,Chuy,UY,2022-05-27 23:32:19,-33.6971,-53.4616,56.34,88,100,7.81,overcast clouds
38,Mount Isa,AU,2022-05-27 23:31:07,-20.7333,139.5,64.17,42,4,8.05,clear sky
39,Dordrecht,NL,2022-05-27 23:32:20,51.81,4.6736,57.96,77,73,3.0,broken clouds
40,Sobolevo,RU,2022-05-27 23:32:20,54.4299,31.8996,45.77,92,93,17.52,light rain
41,College,US,2022-05-27 23:23:57,64.8569,-147.8028,70.0,26,20,8.05,few clouds
42,Mataura,NZ,2022-05-27 23:22:51,-46.1927,168.8643,51.48,74,88,3.27,overcast clouds
43,Vaini,TO,2022-05-27 23:23:55,-21.2,-175.2,82.56,78,75,10.36,broken clouds
44,Yumen,CN,2022-05-27 23:33:20,40.2833,97.2,69.67,38,82,17.13,broken clouds
45,Longyearbyen,SJ,2022-05-27 23:30:23,78.2186,15.6401,44.44,76,0,3.44,clear sky
46,La Orilla,MX,2022-05-27 23:33:20,17.9833,-102.2333,82.99,76,21,8.61,few clouds
47,Birao,CF,2022-05-27 23:33:21,10.2849,22.7882,82.18,41,0,4.68,clear sky
48,Mar Del Plata,AR,2022-05-27 23:25:29,-38.0023,-57.5575,51.1,79,75,3.0,broken clouds
49,Caravelas,BR,2022-05-27 23:33:21,-17.7125,-39.2481,71.26,88,98,5.99,overcast clouds
50,Hamilton,US,2022-05-27 23:31:47,39.1834,-84.5333,64.72,91,75,6.91,moderate rain
51,Mitsamiouli,KM,2022-05-27 23:33:21,-11.3847,43.2844,78.06,67,31,7.16,scattered clouds
52,Silver City,US,2022-05-27 23:28:49,32.7701,-108.2803,93.16,9,0,17.27,clear sky
53,Avarua,CK,2022-05-27 23:23:55,-21.2078,-159.775,80.65,74,75,3.44,broken clouds
54,Punta Arenas,CL,2022-05-27 23:22:24,-53.15,-70.9167,35.71,75,20,16.11,few clouds
55,Tuktoyaktuk,CA,2022-05-27 23:33:22,69.4541,-133.0374,33.8,75,100,18.41,light snow
56,Plouzane,FR,2022-05-27 23:33:22,48.3833,-4.6167,51.85,93,0,6.91,clear sky
57,Bengkulu,ID,2022-05-27 23:26:04,-3.8004,102.2655,74.43,91,100,3.98,overcast clouds
58,Qaanaaq,GL,2022-05-27 23:30:17,77.484,-69.3632,20.77,92,98,4.68,overcast clouds
59,Lahij,YE,2022-05-27 23:33:22,13.1667,44.5833,81.86,44,38,3.29,scattered clouds
60,Arraial Do Cabo,BR,2022-05-27 23:31:18,-22.9661,-42.0278,71.56,83,0,9.22,clear sky
61,Ketchikan,US,2022-05-27 23:33:11,55.3422,-131.6461,54.07,82,100,10.36,overcast clouds
62,Arkhipo-Osipovka,RU,2022-05-27 23:33:23,44.37,38.52,54.9,70,4,3.2,clear sky
63,Bilibino,RU,2022-05-27 23:33:23,68.0546,166.4372,38.16,92,100,0.36,overcast clouds
64,Jamestown,US,2022-05-27 23:23:54,42.097,-79.2353,67.59,86,100,9.22,overcast clouds
65,Port Alfred,ZA,2022-05-27 23:33:23,-33.5906,26.891,60.87,82,13,6.6,few clouds
66,Cayenne,GF,2022-05-27 23:33:24,4.9333,-52.3333,82.09,5,0,3.44,clear sky
67,Hithadhoo,MV,2022-05-27 23:29:09,-0.6,73.0833,82.98,74,30,11.79,scattered clouds
68,Tura,IN,2022-05-27 23:25:15,25.5198,90.2201,69.33,88,5,4.52,clear sky
69,Marsh Harbour,BS,2022-05-27 23:23:58,26.5412,-77.0636,79.65,71,99,14.09,overcast clouds
70,Cockburn Town,TC,2022-05-27 23:29:12,21.4612,-71.1419,80.56,74,40,16.11,scattered clouds
71,Palmer,US,2022-05-27 23:33:24,42.1584,-72.3287,72.95,80,100,16.11,overcast clouds
72,Saskylakh,RU,2022-05-27 23:25:02,71.9167,114.0833,26.28,90,99,7.31,overcast clouds
73,Bethel,US,2022-05-27 23:30:19,41.3712,-73.414,70.72,89,100,3.44,overcast clouds
74,Slonim,BY,2022-05-27 23:33:24,53.0867,25.3219,42.87,90,30,10.45,scattered clouds
75,Komsomolskiy,UZ,2022-05-27 23:33:25,40.4272,71.7189,65.12,72,75,4.61,broken clouds
76,Dargaville,NZ,2022-05-27 23:33:25,-35.9333,173.8833,64.2,55,26,10.36,scattered clouds
77,Antofagasta,CL,2022-05-27 23:33:25,-23.65,-70.4,58.28,87,66,4.25,broken clouds
78,Qarchi Gak,AF,2022-05-27 23:33:26,37.04,66.7889,67.78,41,1,22.57,clear sky
79,Severnyy,RU,2022-05-27 23:33:26,50.677,36.5532,62.64,55,0,11.18,clear sky
80,Hay River,CA,2022-05-27 23:33:26,60.8156,-115.7999,62.58,39,75,4.61,shower rain
81,Pundaguitan,PH,2022-05-27 23:33:26,6.3711,126.1689,81.7,77,100,8.84,overcast clouds
82,Kaitangata,NZ,2022-05-27 23:33:27,-46.2817,169.8464,50.92,65,80,5.77,broken clouds
83,Kavieng,PG,2022-05-27 23:33:27,-2.5744,150.7967,83.14,61,100,1.32,overcast clouds
84,Mabaruma,GY,2022-05-27 23:30:24,8.2,-59.7833,73.09,95,38,2.98,scattered clouds
85,Campbeltown,GB,2022-05-27 23:33:27,55.4258,-5.6076,48.25,79,93,13.51,overcast clouds
86,Gobabis,NA,2022-05-27 23:33:28,-22.45,18.9667,55.56,28,0,11.34,clear sky
87,Rodeo,US,2022-05-27 23:33:28,38.033,-122.2669,77.18,65,20,11.5,few clouds
88,Hermanus,ZA,2022-05-27 23:23:53,-34.4187,19.2345,55.8,83,26,7.14,scattered clouds
89,Kavaratti,IN,2022-05-27 23:34:28,10.5669,72.642,82.15,76,100,6.6,overcast clouds
90,Sunrise Manor,US,2022-05-27 23:34:28,36.2111,-115.0731,104.09,6,0,20.71,clear sky
91,Port Blair,IN,2022-05-27 23:34:29,11.6667,92.75,82.44,83,75,8.05,mist
92,Karacabey,TR,2022-05-27 23:34:29,40.2152,28.4038,62.98,69,52,1.07,broken clouds
93,Dikson,RU,2022-05-27 23:30:19,73.5069,80.5464,22.42,88,10,2.84,clear sky
94,Viedma,AR,2022-05-27 23:34:29,-40.8135,-62.9967,41.52,71,4,5.17,clear sky
95,High Level,CA,2022-05-27 23:34:30,58.5169,-117.136,69.91,28,75,6.91,broken clouds
96,Kitakata,JP,2022-05-27 23:34:30,37.65,139.8667,65.05,58,16,15.99,few clouds
97,Orhei,MD,2022-05-27 23:34:30,47.3831,28.8231,65.79,77,4,14.16,clear sky
98,Rosetta,EG,2022-05-27 23:34:30,31.4044,30.4164,71.33,81,0,7.31,clear sky
99,Thompson,CA,2022-05-27 23:34:31,55.7435,-97.8558,46.56,66,75,3.44,broken clouds
100,Vila Franca Do Campo,PT,2022-05-27 23:34:31,37.7167,-25.4333,68.2,88,100,5.66,overcast clouds
101,Airai,TL,2022-05-27 23:34:31,-8.9266,125.4092,65.37,69,14,3.18,few clouds
102,Te Anau,NZ,2022-05-27 23:30:27,-45.4167,167.7167,52.48,74,99,6.51,overcast clouds
103,Salalah,OM,2022-05-27 23:34:32,17.0151,54.0924,84.29,79,75,4.61,broken clouds
104,Morehead,US,2022-05-27 23:34:32,37.2711,-87.1764,67.75,79,100,5.01,overcast clouds
105,Castro,BR,2022-05-27 23:26:54,-24.7911,-50.0119,56.52,84,81,3.74,broken clouds
106,Taltal,CL,2022-05-27 23:34:32,-25.4,-70.4833,60.64,78,34,4.0,scattered clouds
107,Fairbanks,US,2022-05-27 23:34:32,64.8378,-147.7164,70.61,26,0,8.05,clear sky
108,Jutai,BR,2022-05-27 23:34:33,-5.1833,-68.9,73.2,97,91,1.86,overcast clouds
109,Hilo,US,2022-05-27 23:29:06,19.7297,-155.09,85.28,69,100,9.22,overcast clouds
110,Varca,IN,2022-05-27 23:34:33,15.2167,73.9167,82.4,78,40,5.75,scattered clouds
111,Akyab,MM,2022-05-27 23:25:06,20.15,92.9,82.08,85,96,5.39,overcast clouds
112,Kawambwa,ZM,2022-05-27 23:34:33,-9.7915,29.0791,57.15,68,0,6.2,clear sky
113,Morgan City,US,2022-05-27 23:34:33,29.6994,-91.2068,87.8,55,40,8.05,scattered clouds
114,Phalaborwa,ZA,2022-05-27 23:34:34,-23.943,31.1411,61.88,78,73,3.74,broken clouds
115,Tasiilaq,GL,2022-05-27 23:29:07,65.6145,-37.6368,33.96,64,100,2.24,overcast clouds
116,Horqueta,PY,2022-05-27 23:34:34,-23.3428,-57.0597,71.91,79,94,6.96,overcast clouds
117,Norman Wells,CA,2022-05-27 23:34:34,65.282,-126.8329,48.24,61,75,20.71,broken clouds
118,Scottsbluff,US,2022-05-27 23:33:14,41.8666,-103.6672,86.23,20,0,13.0,clear sky
119,Bambous Virieux,MU,2022-05-27 23:25:07,-20.3428,57.7575,70.05,88,20,4.61,few clouds
120,Saldanha,ZA,2022-05-27 23:34:35,-33.0117,17.9442,48.25,88,1,4.74,clear sky
121,Vawkavysk,BY,2022-05-27 23:34:35,53.1561,24.4513,42.93,92,36,12.26,scattered clouds
122,Broome,US,2022-05-27 23:30:22,42.2506,-75.833,69.67,86,40,9.22,scattered clouds
123,Chimbote,PE,2022-05-27 23:34:35,-9.0853,-78.5783,62.71,89,15,8.34,few clouds
124,Havelock,US,2022-05-27 23:34:36,34.8791,-76.9013,75.94,84,75,11.5,broken clouds
125,Gamba,GA,2022-05-27 23:34:36,-2.65,10.0,71.56,94,15,3.76,few clouds
126,Ndjole,GA,2022-05-27 23:34:36,-0.1783,10.7649,72.79,97,57,1.19,broken clouds
127,Luanda,AO,2022-05-27 23:34:37,-8.8368,13.2343,71.6,88,20,3.44,few clouds
128,Lasa,IT,2022-05-27 23:34:37,46.6166,10.7002,65.28,93,32,6.4,scattered clouds
129,Tecoanapa,MX,2022-05-27 23:34:37,16.5167,-98.75,83.28,75,99,8.68,overcast clouds
130,Beringovskiy,RU,2022-05-27 23:34:37,63.05,179.3167,46.6,67,97,15.01,overcast clouds
131,Zhangjiakou,CN,2022-05-27 23:34:38,40.81,114.8794,73.67,37,21,0.85,few clouds
132,Basoko,CD,2022-05-27 23:35:38,1.2391,23.616,71.04,92,25,3.31,scattered clouds
133,Sao Felix Do Xingu,BR,2022-05-27 23:35:38,-6.6447,-51.995,73.65,84,41,2.42,scattered clouds
134,Celestun,MX,2022-05-27 23:35:38,20.8667,-90.4,80.92,79,100,13.29,overcast clouds
135,Ampanihy,MG,2022-05-27 23:35:39,-24.7,44.75,59.85,70,0,5.97,clear sky
136,Sapernoye,RU,2022-05-27 23:35:39,60.7167,29.9505,44.65,98,42,3.98,scattered clouds
137,Kirakira,SB,2022-05-27 23:35:39,-10.4544,161.9205,79.38,84,98,3.27,overcast clouds
138,Salinas,US,2022-05-27 23:35:39,36.6777,-121.6555,73.0,58,0,12.66,clear sky
139,Sur,OM,2022-05-27 23:35:40,22.5667,59.5289,85.5,59,0,7.49,clear sky
140,Aswan,EG,2022-05-27 23:35:40,24.0934,32.907,85.3,12,0,5.75,clear sky
141,Sao Filipe,CV,2022-05-27 23:35:41,14.8961,-24.4956,72.48,83,17,4.45,few clouds
142,Margate,GB,2022-05-27 23:35:41,51.3813,1.3862,55.69,64,20,5.01,few clouds
143,Bandarbeyla,SO,2022-05-27 23:35:41,9.4942,50.8122,81.28,73,55,18.21,broken clouds
144,Saint Anthony,US,2022-05-27 23:35:41,45.0205,-93.218,76.89,45,0,10.36,clear sky
145,Mahebourg,MU,2022-05-27 23:35:42,-20.4081,57.7,70.09,88,20,4.61,few clouds
146,Campo Maior,BR,2022-05-27 23:35:42,-4.8278,-42.1686,77.07,67,81,3.76,broken clouds
147,Kenai,US,2022-05-27 23:35:42,60.5544,-151.2583,73.45,25,0,16.11,clear sky
148,Barrow,US,2022-05-27 23:35:43,71.2906,-156.7887,32.02,86,100,19.57,snow
149,Belyy Yar,RU,2022-05-27 23:35:43,53.6039,91.3903,50.86,61,0,4.47,clear sky
150,Mound,US,2022-05-27 23:35:43,44.9366,-93.6661,77.31,48,37,10.0,scattered clouds
151,Axim,GH,2022-05-27 23:35:43,4.8699,-2.2405,78.71,85,94,4.88,overcast clouds
152,Ilulissat,GL,2022-05-27 23:35:44,69.2167,-51.1,33.82,80,100,10.36,overcast clouds
153,Nanortalik,GL,2022-05-27 23:35:44,60.1432,-45.2371,39.58,77,100,3.58,overcast clouds
154,Victoria,HK,2022-05-27 23:35:44,22.2855,114.1577,83.32,87,82,10.0,broken clouds
155,Vao,NC,2022-05-27 23:35:45,-22.6667,167.4833,73.04,83,100,18.72,overcast clouds
156,Twante,MM,2022-05-27 23:35:45,16.7167,95.9333,78.93,89,98,6.46,overcast clouds
157,Gondanglegi,ID,2022-05-27 23:35:45,-7.7479,112.0132,76.96,87,83,1.72,broken clouds
158,Price,US,2022-05-27 23:31:01,39.5994,-110.8107,85.26,10,0,13.8,clear sky
159,Bundaberg,AU,2022-05-27 23:35:45,-24.85,152.35,71.22,77,2,4.0,clear sky
160,Riverton,US,2022-05-27 23:35:46,40.5219,-111.9391,85.33,24,0,8.99,clear sky
161,Kaeo,NZ,2022-05-27 23:35:46,-35.1,173.7833,64.33,72,81,12.35,broken clouds
162,Lompoc,US,2022-05-27 23:35:46,34.6391,-120.4579,73.78,65,20,13.8,haze
163,Nirgua,VE,2022-05-27 23:35:46,10.1553,-68.5663,67.15,92,100,1.57,overcast clouds
164,Clyde River,CA,2022-05-27 23:30:26,70.4692,-68.5914,21.43,93,100,12.66,light snow
165,Ishigaki,JP,2022-05-27 23:35:47,24.3448,124.1572,80.73,94,75,11.5,broken clouds
166,Mayo,US,2022-05-27 23:35:47,38.8876,-76.5119,73.81,90,75,12.66,broken clouds
167,Kamarion,GR,2022-05-27 23:35:47,36.8,25.8167,71.1,82,0,8.12,clear sky
168,Imbituba,BR,2022-05-27 23:35:48,-28.24,-48.6703,69.85,99,89,3.51,moderate rain
169,Narsaq,GL,2022-05-27 23:35:48,60.9167,-46.05,52.02,53,100,7.99,overcast clouds
170,Gioia Tauro,IT,2022-05-27 23:35:48,38.424,15.899,79.12,48,35,4.23,scattered clouds
171,Yellowknife,CA,2022-05-27 23:35:48,62.456,-114.3525,61.32,41,40,10.36,scattered clouds
172,Matara,LK,2022-05-27 23:35:49,5.9485,80.5353,77.4,90,85,10.83,overcast clouds
173,Huimanguillo,MX,2022-05-27 23:35:49,17.85,-93.3833,82.62,70,96,12.1,overcast clouds
174,Gaziantep,TR,2022-05-27 23:35:49,37.0594,37.3825,70.56,52,0,1.14,clear sky
175,Araouane,ML,2022-05-27 23:35:49,18.9048,-3.5265,93.07,20,74,9.22,broken clouds
176,Umm Bab,QA,2022-05-27 23:35:50,25.2142,50.8072,81.25,54,0,12.21,clear sky
177,Lavrentiya,RU,2022-05-27 23:35:50,65.5833,-171.0,39.63,84,91,6.87,overcast clouds
178,Bereda,ES,2022-05-27 23:35:50,43.2686,-7.5406,55.58,96,48,4.7,scattered clouds
179,Guerrero Negro,MX,2022-05-27 23:36:50,27.9769,-114.0611,66.47,66,0,20.6,clear sky
180,Albany,US,2022-05-27 23:32:31,42.6001,-73.9662,71.92,85,100,7.61,overcast clouds
181,Chapais,CA,2022-05-27 23:36:51,49.7834,-74.8492,55.18,95,100,5.84,overcast clouds
182,Los Llanos De Aridane,ES,2022-05-27 23:36:51,28.6585,-17.9182,62.35,81,0,8.05,clear sky
183,Zhongshu,CN,2022-05-27 23:36:51,24.5167,103.7667,65.34,92,77,3.2,broken clouds
184,Rincon,US,2022-05-27 23:36:51,32.296,-81.2354,80.56,76,75,10.36,broken clouds
185,Vagay,RU,2022-05-27 23:36:52,57.9375,69.0217,48.61,91,98,11.32,light rain
186,Yinchuan,CN,2022-05-27 23:36:52,38.4681,106.2731,76.98,11,88,5.46,overcast clouds
187,Severo-Kurilsk,RU,2022-05-27 23:36:52,50.6789,156.125,45.25,84,98,2.19,overcast clouds
188,Ixtapa,MX,2022-05-27 23:36:52,20.7,-105.2,83.23,78,0,12.66,clear sky
189,Jalu,LY,2022-05-27 23:36:53,29.0331,21.5482,83.84,15,0,9.93,clear sky
190,Trairi,BR,2022-05-27 23:34:04,-3.2778,-39.2689,75.74,82,35,5.61,scattered clouds
191,Quatre Cocos,MU,2022-05-27 23:36:53,-20.2078,57.7625,69.91,81,3,7.43,clear sky
192,Vila Velha,BR,2022-05-27 23:36:53,-20.3297,-40.2925,69.75,96,100,3.44,overcast clouds
193,Shahrud,IR,2022-05-27 23:36:54,36.4182,54.9763,55.22,41,0,7.45,clear sky
194,Hasaki,JP,2022-05-27 23:30:22,35.7333,140.8333,72.0,64,1,3.24,clear sky
195,Omsukchan,RU,2022-05-27 23:36:54,62.5333,155.8,37.04,97,100,3.85,overcast clouds
196,Mount Gambier,AU,2022-05-27 23:36:54,-37.8333,140.7667,50.74,86,95,7.49,overcast clouds
197,Tateyama,JP,2022-05-27 23:36:54,34.9833,139.8667,70.11,74,6,4.99,clear sky
198,Ha Giang,VN,2022-05-27 23:36:55,22.8333,104.9833,79.12,96,100,1.03,light rain
199,Phulabani,IN,2022-05-27 23:36:55,20.4667,84.2333,81.57,39,12,5.1,few clouds
200,Biak,ID,2022-05-27 23:36:55,-0.9131,122.8766,78.75,77,99,0.81,moderate rain
201,Klaksvik,FO,2022-05-27 23:36:55,62.2266,-6.589,43.72,90,100,24.16,light rain
202,San Patricio,US,2022-05-27 23:36:56,28.017,-97.5169,95.72,56,0,14.67,clear sky
203,Georgetown,MY,2022-05-27 23:32:29,5.4112,100.3354,80.53,99,20,2.3,few clouds
204,Baoding,CN,2022-05-27 23:36:56,38.8511,115.4903,84.56,14,42,10.16,scattered clouds
205,Balikpapan,ID,2022-05-27 23:36:56,-1.2675,116.8289,74.39,100,40,2.3,scattered clouds
206,Ribeira Grande,PT,2022-05-27 23:36:56,38.5167,-28.7,64.69,90,100,10.51,light rain
207,Pangnirtung,CA,2022-05-27 23:36:57,66.1451,-65.7125,21.61,90,97,2.42,overcast clouds
208,Tigil,RU,2022-05-27 23:36:57,57.8,158.6667,40.23,73,100,7.09,overcast clouds
209,Madimba,TZ,2022-05-27 23:36:57,-10.4,40.3333,71.82,85,48,12.26,scattered clouds
210,Luwuk,ID,2022-05-27 23:36:57,-0.9516,122.7875,80.82,77,99,1.32,light rain
211,Litovel,CZ,2022-05-27 23:36:57,49.7012,17.0762,50.7,99,48,3.78,scattered clouds
212,Saint George,US,2022-05-27 23:36:19,37.1041,-113.5841,97.39,9,0,21.85,clear sky
213,Pimentel,PE,2022-05-27 23:36:58,-6.8367,-79.9342,66.49,68,0,18.41,clear sky
214,Kidal,ML,2022-05-27 23:36:58,18.4411,1.4078,93.9,16,80,5.61,broken clouds
215,Bafq,IR,2022-05-27 23:30:28,31.6128,55.4107,72.52,20,0,8.48,clear sky
216,Hambantota,LK,2022-05-27 23:36:58,6.1241,81.1185,78.73,84,67,16.44,broken clouds
217,Kununurra,AU,2022-05-27 23:36:58,-15.7667,128.7333,66.18,72,90,0.0,overcast clouds
218,Oksfjord,NO,2022-05-27 23:36:59,70.2396,22.3479,42.01,93,86,10.65,overcast clouds
219,Kodiak,US,2022-05-27 23:29:08,57.79,-152.4072,63.91,45,0,4.61,clear sky
220,Asau,RO,2022-05-27 23:36:59,46.4333,26.4,58.95,79,21,3.83,few clouds
221,Sorland,NO,2022-05-27 23:36:59,67.667,12.6934,44.46,90,99,28.41,overcast clouds
222,Ostrovnoy,RU,2022-05-27 23:29:14,68.0531,39.5131,43.65,86,100,18.14,overcast clouds
223,King City,US,2022-05-27 23:37:00,36.2127,-121.126,83.91,34,100,14.38,overcast clouds
224,La Ronge,CA,2022-05-27 23:37:00,55.1001,-105.2842,64.65,39,75,11.5,broken clouds
225,Pingzhuang,CN,2022-05-27 23:38:00,42.0372,119.2889,75.16,29,51,8.63,broken clouds
226,Dejen,ET,2022-05-27 23:38:00,10.1667,38.1333,59.72,59,87,1.63,overcast clouds
227,Sept-Iles,CA,2022-05-27 23:38:01,50.2001,-66.3821,43.32,96,100,23.02,light intensity drizzle
228,Lebu,CL,2022-05-27 23:30:23,-37.6167,-73.65,45.9,78,100,15.88,overcast clouds
229,Yarada,IN,2022-05-27 23:38:01,17.65,83.2667,79.12,94,20,2.3,mist
230,Tomatlan,MX,2022-05-27 23:38:01,19.9333,-105.25,84.07,56,4,7.83,clear sky
231,Shingu,JP,2022-05-27 23:38:01,33.7333,135.9833,75.31,49,42,8.55,scattered clouds
232,Doka,SD,2022-05-27 23:38:02,13.5167,35.7667,85.69,12,13,4.07,few clouds
233,Westport,US,2022-05-27 23:38:02,41.1415,-73.3579,70.47,92,75,10.36,broken clouds
234,Tingi,TZ,2022-05-27 23:38:03,-11.3,35.0333,56.88,88,13,4.34,few clouds
235,Cape Town,ZA,2022-05-27 23:38:03,-33.9258,18.4232,62.38,86,0,5.75,clear sky
236,Yulara,AU,2022-05-27 23:38:03,-25.2406,130.9889,61.97,50,71,10.49,broken clouds
237,Odweyne,SO,2022-05-27 23:38:03,9.4092,45.064,75.6,58,97,10.47,overcast clouds
238,Katsuura,JP,2022-05-27 23:38:04,35.1333,140.3,70.54,72,14,11.88,few clouds
239,Miastko,PL,2022-05-27 23:38:04,54.0028,16.9826,43.83,93,65,12.93,broken clouds
240,Coquimbo,CL,2022-05-27 23:37:26,-29.9533,-71.3436,55.13,94,75,9.22,broken clouds
241,Muros,ES,2022-05-27 23:38:04,42.7762,-9.0603,64.09,68,70,9.33,broken clouds
242,Ponta Do Sol,PT,2022-05-27 23:38:04,32.6667,-17.1,66.83,72,75,8.14,broken clouds
243,Kuala Terengganu,MY,2022-05-27 23:38:05,5.3302,103.1408,78.75,94,20,3.44,few clouds
244,Port Elizabeth,ZA,2022-05-27 23:38:05,-33.918,25.5701,53.89,94,0,3.44,clear sky
245,Liepaja,LV,2022-05-27 23:36:52,56.5419,21.0367,49.98,81,0,13.8,clear sky
246,Lisala,CD,2022-05-27 23:38:05,2.15,21.5167,70.32,93,6,2.15,clear sky
247,Dingle,PH,2022-05-27 23:38:05,10.9995,122.6711,80.74,81,97,7.23,overcast clouds
248,Honiara,SB,2022-05-27 23:38:07,-9.4333,159.95,84.2,68,76,3.8,light rain
249,Chicama,PE,2022-05-27 23:38:07,-7.8447,-79.1469,61.34,79,20,6.93,few clouds
250,Iqaluit,CA,2022-05-27 23:38:08,63.7506,-68.5145,26.33,92,100,9.22,light snow
251,Riyadh,SA,2022-05-27 23:33:26,24.6877,46.7219,84.34,19,5,7.38,clear sky
252,Biloela,AU,2022-05-27 23:38:08,-24.4167,150.5,71.01,56,3,3.65,clear sky
253,Kuito,AO,2022-05-27 23:38:08,-12.3833,16.9333,52.52,48,0,2.86,clear sky
254,Hami,CN,2022-05-27 23:38:09,42.8,93.45,77.65,32,81,18.16,broken clouds
255,Abu Dhabi,AE,2022-05-27 23:38:09,24.4667,54.3667,86.11,55,0,2.3,clear sky
256,Sfantu Gheorghe,RO,2022-05-27 23:38:09,45.8667,25.7833,60.26,88,5,1.34,clear sky
257,Juneau,US,2022-05-27 23:36:22,58.3019,-134.4197,71.6,100,20,14.97,few clouds
258,Ndele,CF,2022-05-27 23:38:10,8.4109,20.6473,74.88,64,31,4.9,scattered clouds
259,Ranfurly,NZ,2022-05-27 23:38:10,-45.1333,170.1,57.11,60,55,5.5,broken clouds
260,Touros,BR,2022-05-27 23:29:11,-5.1989,-35.4608,76.03,92,100,12.08,light rain
261,Torbay,CA,2022-05-27 23:35:37,47.6666,-52.7314,42.28,71,75,10.36,broken clouds
262,Huruta,ET,2022-05-27 23:38:10,8.15,39.35,59.92,64,56,4.38,broken clouds
263,Isangel,VU,2022-05-27 23:29:11,-19.55,169.2667,80.58,76,100,9.01,overcast clouds
264,Sibu,MY,2022-05-27 23:38:10,2.3,111.8167,73.71,94,20,3.44,few clouds
265,Nioaque,BR,2022-05-27 23:38:04,-21.1353,-55.83,72.57,51,11,2.42,few clouds
266,Geraldton,AU,2022-05-27 23:38:11,-28.7667,114.6,57.61,82,0,12.66,clear sky
267,Omboue,GA,2022-05-27 23:38:11,-1.5746,9.2618,72.77,92,49,5.75,scattered clouds
268,Faanui,PF,2022-05-27 23:38:11,-16.4833,-151.75,80.89,62,2,15.77,clear sky
269,Bantou,CN,2022-05-27 23:38:12,26.2151,117.4893,73.02,99,100,3.11,overcast clouds
270,Utinga,BR,2022-05-27 23:39:12,-5.8172,-35.3954,77.4,100,75,4.61,light rain
271,Aberystwyth,GB,2022-05-27 23:39:12,52.4155,-4.0829,41.7,83,57,2.51,broken clouds
272,Iquique,CL,2022-05-27 23:39:13,-20.2208,-70.1431,62.64,78,54,0.56,broken clouds
273,Berezovyy,RU,2022-05-27 23:39:13,51.6667,135.7,47.41,94,100,6.42,light rain
274,Saint-Pierre,RE,2022-05-27 23:39:14,-21.3393,55.4781,71.91,94,100,9.22,light rain
275,Zenzeli,RU,2022-05-27 23:39:14,45.9241,47.0474,63.54,61,45,7.11,scattered clouds
276,Yarmouth,US,2022-05-27 23:39:14,41.7057,-70.2286,67.64,95,75,12.66,light rain
277,Turka,UA,2022-05-27 23:39:14,49.1541,23.0297,46.15,93,100,2.71,light rain
278,Patamundai,IN,2022-05-27 23:39:15,20.5667,86.5667,83.03,81,57,8.39,broken clouds
279,Yatou,CN,2022-05-27 23:39:15,37.15,122.3833,74.59,44,100,11.68,overcast clouds
280,Kloulklubed,PW,2022-05-27 23:39:15,7.0419,134.2556,79.3,76,100,8.7,overcast clouds
281,Cherskiy,RU,2022-05-27 23:39:16,68.75,161.3,39.16,47,48,12.3,scattered clouds
282,Banikoara,BJ,2022-05-27 23:39:16,11.2985,2.4386,79.54,68,68,8.66,broken clouds
283,Nishihara,JP,2022-05-27 23:39:16,26.1842,127.7558,72.68,97,100,16.11,mist
284,Fort Nelson,CA,2022-05-27 23:39:17,58.8053,-122.7002,65.79,32,75,6.91,broken clouds
285,Amarillo,US,2022-05-27 23:39:17,35.222,-101.8313,93.09,21,0,23.02,clear sky
286,Lonavale,IN,2022-05-27 23:39:17,18.75,73.4167,71.02,90,53,4.36,broken clouds
287,Santa Cruz,BO,2022-05-27 23:39:17,-17.8,-63.1667,80.65,65,20,11.5,few clouds
288,Sao Desiderio,BR,2022-05-27 23:39:18,-12.3633,-44.9733,67.28,44,6,5.01,clear sky
289,Rio De Janeiro,BR,2022-05-27 23:36:33,-22.9028,-43.2075,75.42,81,0,8.05,clear sky
290,Fortuna,US,2022-05-27 23:39:18,40.5982,-124.1573,60.93,83,100,10.36,overcast clouds
291,Vostok,RU,2022-05-27 23:39:18,46.4856,135.8833,51.03,91,100,0.45,overcast clouds
292,Alofi,NU,2022-05-27 23:39:19,-19.0595,-169.9187,80.49,83,65,9.22,broken clouds
293,San Fernando,PH,2022-05-27 23:39:19,15.0286,120.6898,82.13,67,87,3.38,overcast clouds
294,Calabaca,PH,2022-05-27 23:39:19,14.3001,122.4336,82.04,82,87,5.26,overcast clouds
295,Bima,ID,2022-05-27 23:39:20,-8.4667,118.7167,79.7,82,100,2.01,overcast clouds
296,Xai-Xai,MZ,2022-05-27 23:39:20,-25.0519,33.6442,65.17,92,10,6.35,clear sky
297,Mackay,AU,2022-05-27 23:39:21,-21.15,149.2,75.69,65,0,2.57,clear sky
298,Surt,LY,2022-05-27 23:39:21,31.2089,16.5887,71.64,77,48,10.25,scattered clouds
299,Cardoso,BR,2022-05-27 23:39:21,-20.0819,-49.9142,69.85,47,100,2.71,overcast clouds
300,Harper,LR,2022-05-27 23:39:21,4.375,-7.7169,77.97,87,30,8.43,light rain
301,North Platte,US,2022-05-27 23:39:22,41.1239,-100.7654,89.26,22,37,13.0,scattered clouds
302,Porto Novo,BJ,2022-05-27 23:39:22,6.4965,2.6036,77.86,84,63,4.23,broken clouds
303,Bon Air,US,2022-05-27 23:36:30,37.5249,-77.5578,74.88,79,40,13.8,scattered clouds
304,Ahtopol,BG,2022-05-27 23:39:22,42.1,27.95,61.14,81,9,5.1,clear sky
305,Pisco,PE,2022-05-27 23:34:59,-13.7,-76.2167,64.45,77,28,12.66,mist
306,Tuatapere,NZ,2022-05-27 23:39:23,-46.1333,167.6833,54.03,77,99,5.32,overcast clouds
307,Mehamn,NO,2022-05-27 23:39:23,71.0357,27.8492,39.11,96,100,23.24,light rain
308,Vila,PT,2022-05-27 23:39:23,42.0304,-8.1588,61.68,67,9,6.2,clear sky
309,Kruisfontein,ZA,2022-05-27 23:39:24,-34.0033,24.7314,54.45,83,21,4.85,few clouds
310,Waddan,LY,2022-05-27 23:39:24,29.1614,16.139,85.48,11,8,9.44,clear sky
311,Sola,VU,2022-05-27 23:39:24,-13.8833,167.55,79.3,69,100,4.81,overcast clouds
312,Lagoa,PT,2022-05-27 23:39:25,39.05,-27.9833,62.15,96,99,14.12,light rain
313,Richards Bay,ZA,2022-05-27 23:39:25,-28.783,32.0377,65.03,90,2,8.68,clear sky
314,Broken Hill,AU,2022-05-27 23:39:25,-31.95,141.4333,55.42,73,49,10.36,scattered clouds
315,Matadi,CD,2022-05-27 23:39:25,-5.8167,13.45,71.51,89,19,2.57,few clouds
316,Boleslawiec,PL,2022-05-27 23:39:26,51.2642,15.5697,52.02,72,3,14.94,clear sky
317,Takoradi,GH,2022-05-27 23:39:26,4.8845,-1.7554,79.29,83,95,5.17,overcast clouds
318,Hofn,IS,2022-05-27 23:39:26,64.2539,-15.2082,47.19,83,71,11.41,broken clouds
319,Bilma,NE,2022-05-27 23:40:26,18.6853,12.9164,89.06,9,0,6.55,clear sky
320,Vardo,NO,2022-05-27 23:40:27,70.3705,31.1107,40.98,93,100,21.85,light rain
321,Puerto Escondido,MX,2022-05-27 23:36:03,15.85,-97.0667,81.43,74,100,5.75,overcast clouds
322,Dossor,KZ,2022-05-27 23:40:27,47.5272,52.9811,63.63,67,87,12.33,overcast clouds
323,Lata,PT,2022-05-27 23:40:27,40.1629,-8.3327,68.07,41,67,4.63,broken clouds
324,Cabo San Lucas,MX,2022-05-27 23:37:55,22.8909,-109.9124,93.51,33,0,9.22,clear sky
325,New Norfolk,AU,2022-05-27 23:40:28,-42.7826,147.0587,45.91,76,96,2.82,overcast clouds
326,Tezu,IN,2022-05-27 23:40:28,27.9167,96.1667,72.5,95,90,2.42,overcast clouds
327,Seoul,KR,2022-05-27 23:38:58,37.5683,126.9778,67.57,68,56,6.91,broken clouds
328,Kerema,PG,2022-05-27 23:40:28,-7.9631,145.7785,80.91,75,88,3.22,overcast clouds
329,Puerto Colombia,CO,2022-05-27 23:40:29,10.9878,-74.9547,84.29,81,94,8.77,overcast clouds
330,Half Moon Bay,US,2022-05-27 23:40:29,37.4636,-122.4286,76.87,72,100,16.11,overcast clouds
331,Pinotepa Nacional,MX,2022-05-27 23:40:29,16.3167,-98.0167,82.09,72,100,4.29,overcast clouds
332,Zhangzhou,CN,2022-05-27 23:40:29,24.5133,117.6556,71.53,95,100,0.04,overcast clouds
333,Mogadishu,SO,2022-05-27 23:36:40,2.0371,45.3438,79.39,86,91,15.28,overcast clouds
334,Tazovskiy,RU,2022-05-27 23:40:30,67.4667,78.7,44.06,62,100,10.4,overcast clouds
335,Labuhan,ID,2022-05-27 23:40:30,-6.8844,112.2051,79.02,84,92,2.93,overcast clouds
336,Bubaque,GW,2022-05-27 23:40:30,11.2833,-15.8333,80.46,79,53,6.76,moderate rain
337,Pevek,RU,2022-05-27 23:40:30,69.7008,170.3133,30.33,76,100,11.63,overcast clouds
338,Paamiut,GL,2022-05-27 23:40:31,61.994,-49.6678,32.54,89,78,24.23,broken clouds
339,Egvekinot,RU,2022-05-27 23:40:31,66.3167,-179.1667,39.9,68,84,5.1,broken clouds
340,Marawi,PH,2022-05-27 23:40:31,7.9986,124.2928,73.71,89,96,4.59,overcast clouds
341,Kharp,RU,2022-05-27 23:40:32,66.8014,65.8081,58.66,56,22,10.02,few clouds
342,Medvedok,RU,2022-05-27 23:40:32,57.3891,50.0351,48.65,98,100,6.17,overcast clouds
343,East London,ZA,2022-05-27 23:40:32,-33.0153,27.9116,59.95,80,3,6.35,clear sky
344,Bathsheba,BB,2022-05-27 23:40:32,13.2167,-59.5167,81.21,74,40,14.97,scattered clouds
345,Zhuhai,CN,2022-05-27 23:40:33,22.2769,113.5678,82.18,94,40,11.5,scattered clouds
346,Aloleng,PH,2022-05-27 23:40:33,16.1307,119.7824,83.86,71,98,7.72,overcast clouds
347,Macamic,CA,2022-05-27 23:40:34,48.7502,-78.9996,49.86,86,100,6.78,overcast clouds
348,Aklavik,CA,2022-05-27 23:40:34,68.2191,-135.0107,39.56,60,93,20.36,overcast clouds
349,Meulaboh,ID,2022-05-27 23:40:34,4.1363,96.1285,75.11,82,93,4.25,overcast clouds
350,Port Hedland,AU,2022-05-27 23:40:34,-20.3167,118.5667,73.45,56,75,3.44,broken clouds
351,Codrington,AU,2022-05-27 23:40:35,-38.2667,141.9667,51.22,78,92,9.86,overcast clouds
352,Lillooet,CA,2022-05-27 23:40:35,50.6856,-121.942,61.03,50,76,7.52,broken clouds
353,Souillac,MU,2022-05-27 23:40:35,-20.5167,57.5167,70.18,88,20,4.61,few clouds
354,Luderitz,NA,2022-05-27 23:40:35,-26.6481,15.1594,55.0,87,1,7.43,clear sky
355,Dubbo,AU,2022-05-27 23:40:36,-32.25,148.6167,57.33,94,100,4.61,overcast clouds
356,Opuwo,NA,2022-05-27 23:40:36,-18.0607,13.84,59.63,34,0,3.69,clear sky
357,San Jose,US,2022-05-27 23:39:29,37.3394,-121.895,78.49,54,75,16.11,broken clouds
358,Cap Malheureux,MU,2022-05-27 23:40:36,-19.9842,57.6142,69.48,78,0,7.49,clear sky
359,Otukpo,NG,2022-05-27 23:40:37,7.1913,8.1329,71.76,94,47,3.91,scattered clouds
360,Camana,PE,2022-05-27 23:40:37,-16.6228,-72.7111,63.52,82,56,3.8,broken clouds
361,Nakambala,ZM,2022-05-27 23:40:37,-15.8324,27.7799,56.52,60,0,5.39,clear sky
362,Cidreira,BR,2022-05-27 23:40:38,-30.1811,-50.2056,63.72,94,100,4.41,overcast clouds
363,Jati,PK,2022-05-27 23:41:38,24.3539,68.2671,81.25,80,27,20.11,scattered clouds
364,Portobelo,PA,2022-05-27 23:41:38,9.55,-79.65,81.95,82,95,5.12,overcast clouds
365,Fukue,JP,2022-05-27 23:41:38,32.6881,128.8419,77.36,27,0,2.3,clear sky
366,Hailar,CN,2022-05-27 23:41:39,49.2,119.7,54.1,40,20,14.5,few clouds
367,Trofors,NO,2022-05-27 23:41:39,65.5333,13.4063,47.12,97,100,5.88,overcast clouds
368,Atikokan,CA,2022-05-27 23:41:39,48.7555,-91.6216,66.96,53,73,2.57,broken clouds
369,Nova Olinda Do Norte,BR,2022-05-27 23:41:40,-3.8881,-59.0942,79.16,77,89,1.92,overcast clouds
370,Pokosnoye,RU,2022-05-27 23:41:40,55.5258,101.0536,46.9,53,58,8.81,broken clouds
371,Arman,RU,2022-05-27 23:41:40,59.7,150.1667,50.02,79,86,5.3,overcast clouds
372,Port Lincoln,AU,2022-05-27 23:41:40,-34.7333,135.8667,60.1,73,68,13.18,broken clouds
373,Bo Phloi,TH,2022-05-27 23:41:41,14.3236,99.5161,76.26,84,100,5.21,overcast clouds
374,Makakilo City,US,2022-05-27 23:41:41,21.3469,-158.0858,82.72,56,100,16.11,overcast clouds
375,Langen,DE,2022-05-27 23:41:41,49.9933,8.6728,54.52,61,0,2.3,clear sky
376,Zeya,RU,2022-05-27 23:41:42,53.75,127.2667,60.06,64,67,14.32,broken clouds
377,Sandovo,RU,2022-05-27 23:41:42,58.4602,36.4128,43.54,99,96,5.03,overcast clouds
378,Nagorsk,RU,2022-05-27 23:41:42,59.3172,50.8078,49.77,95,99,7.72,overcast clouds
379,Laramie,US,2022-05-27 23:38:32,41.3114,-105.5911,76.53,28,0,19.57,clear sky
380,Palkino,RU,2022-05-27 23:41:43,57.5409,28.0126,44.35,94,57,6.15,broken clouds
381,Manaus,BR,2022-05-27 23:41:43,-3.1019,-60.025,81.1,83,20,3.44,moderate rain
382,Sechura,PE,2022-05-27 23:41:43,-5.5569,-80.8222,68.22,70,36,18.01,scattered clouds
383,Chitungwiza,ZW,2022-05-27 23:41:44,-18.0127,31.0756,53.46,90,0,5.06,clear sky
384,Tynda,RU,2022-05-27 23:41:44,55.1667,124.7167,47.41,92,100,15.3,overcast clouds
385,Xining,CN,2022-05-27 23:41:44,36.6167,101.7667,57.34,57,93,1.95,overcast clouds
386,Isparta,TR,2022-05-27 23:41:44,38.0,31.0,58.82,64,17,2.8,few clouds
387,Taoudenni,ML,2022-05-27 23:41:45,22.6783,-3.9836,97.09,13,59,2.64,broken clouds
388,Nizhniy Kuranakh,RU,2022-05-27 23:41:45,58.8353,125.4869,44.83,90,100,7.96,overcast clouds
389,Kabare,CD,2022-05-27 23:41:45,-2.4683,28.8242,59.67,97,100,0.81,light rain
390,Maarianhamina,AX,2022-05-27 23:41:45,60.0973,19.9348,46.26,93,75,1.14,light rain
391,Teguldet,RU,2022-05-27 23:41:46,57.3064,88.1667,52.16,58,2,6.96,clear sky
392,Puerto Rico,AR,2022-05-27 23:37:42,-26.796,-55.024,63.01,100,93,2.42,overcast clouds
393,Amapa,BR,2022-05-27 23:41:46,1.0,-52.0,71.37,99,95,2.33,overcast clouds
394,Homer,US,2022-05-27 23:41:46,59.6425,-151.5483,68.04,67,0,9.22,clear sky
395,Makeni,SL,2022-05-27 23:41:46,8.8833,-12.05,75.61,94,96,2.64,overcast clouds
396,Qaqortoq,GL,2022-05-27 23:41:47,60.7167,-46.0333,43.21,59,100,2.82,overcast clouds
397,Oistins,BB,2022-05-27 23:41:47,13.0667,-59.5333,80.69,74,40,14.97,scattered clouds
398,Wolfsburg,DE,2022-05-27 23:41:47,52.4333,10.8,52.38,88,48,17.18,scattered clouds
399,Tessalit,ML,2022-05-27 23:41:47,20.1986,1.0114,92.88,13,85,5.23,overcast clouds
400,Nouadhibou,MR,2022-05-27 23:41:48,20.931,-17.0347,67.98,88,40,13.8,scattered clouds
401,Wanganui,NZ,2022-05-27 23:41:48,-39.9333,175.05,58.59,67,0,5.01,clear sky
402,Bud,US,2022-05-27 23:41:48,39.447,-86.1758,66.31,93,100,13.67,overcast clouds
403,Sioux Lookout,CA,2022-05-27 23:41:49,50.1001,-91.917,69.87,40,75,8.05,broken clouds
404,Talakan,RU,2022-05-27 23:41:49,50.3167,130.3667,64.9,56,8,8.72,clear sky
405,Rio Gallegos,AR,2022-05-27 23:41:33,-51.6226,-69.2181,39.25,70,20,23.02,few clouds
406,Constitucion,CL,2022-05-27 23:40:56,-35.3333,-72.4167,49.73,65,100,6.64,overcast clouds
407,Tarakan,ID,2022-05-27 23:41:49,3.3,117.6333,78.3,94,20,0.0,few clouds
408,Abalak,RU,2022-05-27 23:41:50,58.1286,68.5944,47.62,92,100,11.36,moderate rain
409,Yar-Sale,RU,2022-05-27 23:41:50,66.8333,70.8333,52.03,48,72,10.27,broken clouds
410,Matay,EG,2022-05-27 23:41:50,28.419,30.7792,77.58,35,0,12.91,clear sky
411,Sangar,RU,2022-05-27 23:42:51,63.9242,127.4739,51.06,50,99,0.72,overcast clouds
412,Antalya,TR,2022-05-27 23:42:51,36.7741,30.7178,78.1,46,0,9.22,clear sky
413,Naryan-Mar,RU,2022-05-27 23:42:51,67.6713,53.087,47.34,78,65,6.04,broken clouds
414,Carutapera,BR,2022-05-27 23:42:52,-1.195,-46.02,74.82,93,29,5.1,scattered clouds
415,Nova Serrana,BR,2022-05-27 23:42:52,-19.8761,-44.9836,61.11,62,100,2.06,overcast clouds
416,Boddam,GB,2022-05-27 23:42:52,57.4667,-1.7833,48.58,86,3,16.58,clear sky
417,Ayan,RU,2022-05-27 23:42:52,56.45,138.1667,36.14,87,100,14.18,overcast clouds
418,Tornio,FI,2022-05-27 23:42:53,65.8481,24.1466,42.82,89,100,7.02,overcast clouds
419,Suihua,CN,2022-05-27 23:42:53,46.6406,126.9969,66.61,55,85,12.59,overcast clouds
420,Penzance,GB,2022-05-27 23:42:53,50.1186,-5.5371,47.08,78,8,10.02,clear sky
421,Poum,NC,2022-05-27 23:42:54,-20.2333,164.0167,78.21,73,11,11.07,few clouds
422,Kahului,US,2022-05-27 23:38:59,20.8947,-156.47,82.42,51,75,16.11,broken clouds
423,Labuan,MY,2022-05-27 23:42:54,5.2767,115.2417,79.16,88,20,0.0,few clouds
424,Tandil,AR,2022-05-27 23:42:54,-37.3217,-59.1332,39.69,70,96,4.88,overcast clouds
425,Bayanday,RU,2022-05-27 23:42:55,53.0661,105.5139,46.54,47,31,11.12,scattered clouds
426,Tutzing,DE,2022-05-27 23:42:55,47.9094,11.2803,54.43,81,100,10.36,light rain
427,Champerico,GT,2022-05-27 23:42:55,14.3,-91.9167,84.74,84,100,6.04,overcast clouds
428,Bermejo,AR,2022-05-27 23:42:55,-32.8833,-68.8,47.01,65,1,0.27,clear sky
429,Ucluelet,CA,2022-05-27 23:38:41,48.9329,-125.5528,52.09,85,100,3.0,overcast clouds
430,Ulladulla,AU,2022-05-27 23:42:56,-35.35,150.4667,57.78,88,100,4.41,overcast clouds
431,Coihaique,CL,2022-05-27 23:42:56,-45.5752,-72.0662,36.21,80,0,3.44,clear sky
432,Vestmanna,FO,2022-05-27 23:42:56,62.1564,-7.1664,41.92,81,75,31.07,broken clouds
433,Nouakchott,MR,2022-05-27 23:42:56,18.0858,-15.9785,69.73,81,62,10.98,broken clouds
434,Dwarka,IN,2022-05-27 23:42:57,22.2394,68.9678,81.1,78,97,23.17,overcast clouds
435,San Quintin,MX,2022-05-27 23:38:22,30.4833,-115.95,65.25,67,1,16.02,clear sky
436,Ancud,CL,2022-05-27 23:42:57,-41.8697,-73.8203,41.74,82,42,4.92,scattered clouds
437,Namibe,AO,2022-05-27 23:42:57,-15.1961,12.1522,64.58,87,21,5.46,few clouds
438,Olga,RU,2022-05-27 23:42:57,43.7444,135.2892,52.14,97,100,2.35,light rain
439,Eureka,US,2022-05-27 23:38:11,40.8021,-124.1637,64.67,84,100,1.99,overcast clouds
440,Marsa Matruh,EG,2022-05-27 23:42:58,31.3525,27.2453,70.0,68,0,2.3,clear sky
441,Krasnoselkup,RU,2022-05-27 23:42:58,65.7,82.4667,55.81,39,100,5.35,overcast clouds
442,Khromtau,KZ,2022-05-27 23:42:58,50.2503,58.4347,51.8,68,57,11.39,broken clouds
443,Havre-Saint-Pierre,CA,2022-05-27 23:42:59,50.2334,-63.5986,44.96,93,100,16.11,overcast clouds
444,Arauco,CL,2022-05-27 23:42:59,-37.2463,-73.3175,44.51,80,99,3.91,overcast clouds
445,Jinchang,CN,2022-05-27 23:42:59,38.4953,102.1739,71.29,27,95,8.25,overcast clouds
446,Hualmay,PE,2022-05-27 23:42:59,-11.0964,-77.6139,63.28,84,10,8.39,clear sky
447,Mananjary,MG,2022-05-27 23:43:00,-21.2167,48.3333,68.34,89,55,8.37,light rain
448,Jumla,NP,2022-05-27 23:43:00,29.2747,82.1838,54.41,87,71,3.2,broken clouds
449,Wairoa,NZ,2022-05-27 23:40:32,-39.0333,177.3667,59.56,69,2,4.0,clear sky
450,Chuguyevka,RU,2022-05-27 23:43:00,44.1653,133.8633,60.71,73,84,3.91,broken clouds
451,Charters Towers,AU,2022-05-27 23:43:01,-20.1,146.2667,70.57,45,0,7.49,clear sky
452,Leningradskiy,RU,2022-05-27 23:43:01,69.3833,178.4167,32.41,97,100,3.85,light snow
453,Guabito,PA,2022-05-27 23:43:01,9.5,-82.6167,78.69,86,89,1.81,overcast clouds
454,Kieta,PG,2022-05-27 23:43:01,-6.2167,155.6333,84.97,68,67,5.06,broken clouds
455,Tutoia,BR,2022-05-27 23:43:02,-2.7619,-42.2744,76.48,83,8,1.12,clear sky
456,Sinazongwe,ZM,2022-05-27 23:43:02,-17.2614,27.4618,64.99,56,0,3.51,clear sky
457,Umm Kaddadah,SD,2022-05-27 23:43:03,13.6017,26.6876,78.33,9,6,11.23,clear sky
458,Faro,PT,2022-05-27 23:44:03,37.0194,-7.9322,69.58,68,0,8.05,clear sky
459,Kamenka,RU,2022-05-27 23:44:03,51.3223,42.7678,48.74,86,47,9.93,scattered clouds
460,Puga,MX,2022-05-27 23:44:03,21.5833,-104.8167,87.87,51,75,11.5,broken clouds
461,Camacha,PT,2022-05-27 23:44:04,33.0833,-16.3333,62.02,77,40,8.05,scattered clouds
462,Rawson,AR,2022-05-27 23:44:04,-43.3002,-65.1023,42.78,59,6,9.91,clear sky
463,Saint-Augustin,CA,2022-05-27 23:44:04,51.226,-58.6502,46.0,51,96,6.93,overcast clouds
464,Aksarka,RU,2022-05-27 23:44:05,66.5606,67.7975,56.01,49,55,8.19,broken clouds
465,Antsla,EE,2022-05-27 23:44:05,57.8256,26.5406,45.84,97,55,5.3,broken clouds
466,Isabela,PH,2022-05-27 23:44:05,6.7085,121.9711,78.85,82,98,8.39,overcast clouds
467,Sitka,US,2022-05-27 23:43:25,57.0531,-135.33,64.29,45,75,10.36,broken clouds
468,Prado,BR,2022-05-27 23:44:05,-17.3411,-39.2208,71.08,90,92,8.14,overcast clouds
469,Macomb,US,2022-05-27 23:43:20,40.4592,-90.6718,69.78,67,40,6.91,scattered clouds
470,Tilichiki,RU,2022-05-27 23:44:06,60.4667,166.1,38.26,97,100,3.89,overcast clouds
471,Ahipara,NZ,2022-05-27 23:44:06,-35.1667,173.1667,63.95,63,44,11.72,scattered clouds
472,Lecce,IT,2022-05-27 23:44:06,40.2167,18.1667,71.49,73,0,4.61,clear sky
473,Pochutla,MX,2022-05-27 23:44:07,15.7432,-96.4661,82.81,76,100,12.39,overcast clouds
474,Valera,VE,2022-05-27 23:44:07,9.3178,-70.6036,73.06,75,100,5.64,overcast clouds
475,Tocopilla,CL,2022-05-27 23:44:07,-22.092,-70.1979,63.28,76,34,6.55,scattered clouds
476,Marzuq,YE,2022-05-27 23:44:07,14.4,46.4667,75.31,39,16,4.29,few clouds
477,Srednekolymsk,RU,2022-05-27 23:44:08,67.45,153.6833,44.65,39,17,4.34,few clouds
478,Copiapo,CL,2022-05-27 23:44:08,-27.3667,-70.3333,51.49,64,0,1.34,clear sky
479,Tuy Hoa,VN,2022-05-27 23:44:08,13.0833,109.3,80.17,72,97,15.23,overcast clouds
480,Dayong,CN,2022-05-27 23:44:09,25.0209,118.2898,71.56,96,100,0.47,overcast clouds
481,Acapulco,MX,2022-05-27 23:42:25,16.8634,-99.8901,83.1,77,100,6.96,overcast clouds
482,Sassandra,CI,2022-05-27 23:44:09,4.95,-6.0833,77.99,88,69,5.84,light rain
483,Esperance,AU,2022-05-27 23:44:09,-33.8667,121.9,55.45,58,2,11.95,clear sky
484,Vanimo,PG,2022-05-27 23:44:09,-2.6741,141.3028,83.97,68,93,3.02,overcast clouds
485,Eyl,SO,2022-05-27 23:44:10,7.9803,49.8164,80.13,68,92,18.59,overcast clouds
486,Sandomierz,PL,2022-05-27 23:44:10,50.6827,21.749,50.79,89,61,5.01,broken clouds
487,Arrecife,ES,2022-05-27 23:44:10,28.963,-13.5477,67.98,73,20,9.22,few clouds
488,Palencia,ES,2022-05-27 23:44:11,42.4167,-4.5,55.92,81,1,10.27,clear sky
489,Nisia Floresta,BR,2022-05-27 23:44:11,-6.0911,-35.2086,77.38,96,99,8.41,moderate rain
490,Parana,AR,2022-05-27 23:40:58,-31.732,-60.5238,58.57,83,83,7.43,light rain
491,Enshi,CN,2022-05-27 23:44:11,30.3,109.4833,64.51,97,100,0.72,overcast clouds
492,Andenes,NO,2022-05-27 23:44:12,69.3143,16.1194,44.58,93,100,26.46,overcast clouds
493,Daru,PG,2022-05-27 23:44:12,-9.0763,143.2092,82.38,70,68,12.08,broken clouds
494,Gusau,NG,2022-05-27 23:44:12,12.1628,6.6614,85.73,43,66,12.26,broken clouds
495,Cochabamba,BO,2022-05-27 23:44:13,-17.3895,-66.1568,64.15,36,20,4.61,few clouds
496,Parnaiba,BR,2022-05-27 23:44:13,-2.9047,-41.7767,75.65,87,4,2.46,clear sky
497,Indi,IN,2022-05-27 23:44:13,17.1667,75.9667,79.56,56,1,13.71,clear sky
498,Springbok,ZA,2022-05-27 23:44:13,-29.6643,17.8865,48.83,65,0,2.89,clear sky
499,Magalia,US,2022-05-27 23:44:14,39.8121,-121.5783,74.75,53,100,1.01,overcast clouds
500,Moa,CU,2022-05-27 23:44:14,20.6569,-74.9403,76.57,89,97,8.79,overcast clouds
501,Nyimba,ZM,2022-05-27 23:44:14,-14.5566,30.8149,61.32,61,0,5.41,clear sky
502,Sabha,LY,2022-05-27 23:45:15,27.0377,14.4283,87.48,8,2,12.26,clear sky
503,Manokwari,ID,2022-05-27 23:45:15,-0.8667,134.0833,82.67,67,41,3.27,scattered clouds
504,Manakara,MG,2022-05-27 23:45:15,-22.1333,48.0167,67.3,89,53,7.99,light rain
505,Savelugu,GH,2022-05-27 23:45:16,9.6244,-0.8253,79.83,72,79,5.55,broken clouds
506,Leiyang,CN,2022-05-27 23:45:16,26.4024,112.8591,71.08,96,100,0.85,overcast clouds
507,Batemans Bay,AU,2022-05-27 23:45:16,-35.7167,150.1833,58.1,88,100,3.22,light rain
508,Port Said,EG,2022-05-27 23:45:16,31.2565,32.2841,71.58,73,0,8.05,clear sky
509,Iquitos,PE,2022-05-27 23:45:17,-3.7481,-73.2472,77.04,94,75,1.14,light rain
510,Polohy,UA,2022-05-27 23:45:17,47.4844,36.2536,57.81,69,60,11.43,broken clouds
511,Petropavlovsk-Kamchatskiy,RU,2022-05-27 23:44:32,53.0452,158.6483,59.59,41,0,8.95,clear sky
512,Zlobin,HR,2022-05-27 23:45:17,45.2924,14.6541,60.62,59,0,4.61,clear sky
513,Murray,US,2022-05-27 23:40:26,40.6669,-111.888,85.78,24,0,11.5,clear sky
514,Idrinskoye,RU,2022-05-27 23:45:18,54.3708,92.1358,51.17,54,0,4.32,clear sky
515,Katherine,AU,2022-05-27 23:45:18,-14.4667,132.2667,73.72,64,64,6.91,broken clouds
516,Shaowu,CN,2022-05-27 23:45:18,27.3409,117.4831,70.61,99,100,1.25,overcast clouds
517,Diplo,PK,2022-05-27 23:45:19,24.4667,69.584,80.94,82,15,22.37,few clouds
518,Zhigansk,RU,2022-05-27 23:45:19,66.7697,123.3711,37.36,61,27,14.52,scattered clouds
519,Caceres,ES,2022-05-27 23:42:33,39.522,-6.3748,68.92,31,10,5.3,clear sky
520,Bombay,IN,2022-05-27 23:43:52,19.0144,72.8479,85.98,74,40,8.05,haze
521,San Antonio,US,2022-05-27 23:42:07,29.4241,-98.4936,98.35,33,0,9.22,clear sky
522,Providencia,MX,2022-05-27 23:45:19,28.7167,-111.5833,103.21,16,0,11.81,clear sky
523,Vrangel,RU,2022-05-27 23:45:20,42.7297,133.0839,55.24,82,9,6.55,clear sky
524,Sulangan,PH,2022-05-27 23:45:20,11.1373,123.7228,83.07,68,98,7.23,overcast clouds
525,Edd,ER,2022-05-27 23:45:21,13.9297,41.6925,84.99,67,40,2.98,scattered clouds
526,Talara,PE,2022-05-27 23:45:21,-4.5772,-81.2719,65.55,85,65,15.12,broken clouds
527,Acajutla,SV,2022-05-27 23:45:21,13.5928,-89.8275,79.93,81,100,7.14,light rain
528,Amurzet,RU,2022-05-27 23:45:21,47.6967,131.0981,65.23,62,23,4.29,few clouds
529,Yelizovo,RU,2022-05-27 23:45:22,53.1873,158.3805,60.94,41,0,8.99,clear sky
530,Okha,RU,2022-05-27 23:45:22,53.5739,142.9478,36.79,95,100,16.37,overcast clouds
531,Haapiti,PF,2022-05-27 23:45:22,-17.5667,-149.8667,83.93,64,1,13.65,clear sky
532,Avera,US,2022-05-27 23:45:22,33.194,-82.5271,80.11,58,51,6.31,broken clouds
533,Bom Jesus,BR,2022-05-27 23:45:23,-9.0744,-44.3586,74.32,54,62,3.69,broken clouds
534,Belaya Gora,RU,2022-05-27 23:45:23,68.5333,146.4167,45.82,40,88,2.21,overcast clouds
535,Grand-Lahou,CI,2022-05-27 23:45:23,5.1367,-5.0242,77.61,89,56,5.97,moderate rain
536,Port Hawkesbury,CA,2022-05-27 23:45:24,45.6169,-61.3485,59.79,99,100,4.61,mist
537,Atar,MR,2022-05-27 23:45:24,20.5169,-13.0499,84.27,47,26,11.3,light rain
538,Liberal,US,2022-05-27 23:45:24,37.0431,-100.921,95.14,20,0,21.85,clear sky
539,Dombas,NO,2022-05-27 23:45:25,62.0696,9.1235,37.85,91,100,10.6,overcast clouds
540,Ilovlya,RU,2022-05-27 23:45:25,49.3033,43.9796,55.09,73,79,6.71,broken clouds
541,Dawei,MM,2022-05-27 23:45:25,14.0833,98.2,77.18,91,92,0.94,light rain
542,Karratha,AU,2022-05-27 23:45:26,-20.7377,116.8463,77.5,70,96,7.76,light rain
543,Syke,DE,2022-05-27 23:45:26,52.9,8.8333,49.95,87,40,14.97,shower rain
544,Nome,US,2022-05-27 23:45:26,64.5011,-165.4064,39.27,87,100,11.5,overcast clouds
545,Bowen,AU,2022-05-27 23:45:26,-20.0167,148.2333,73.81,58,0,3.51,clear sky
546,Boda,CF,2022-05-27 23:45:27,4.3189,17.4695,70.3,91,66,2.82,light rain
547,Chabahar,IR,2022-05-27 23:45:27,25.2919,60.643,82.56,81,0,7.72,clear sky
548,Mitu,CO,2022-05-27 23:45:27,1.1983,-70.1733,72.54,98,97,0.92,overcast clouds
549,Alindao,CF,2022-05-27 23:46:28,5.0267,21.2088,70.75,91,18,2.33,few clouds
550,Gat,IL,2022-05-27 23:46:04,31.61,34.7642,78.4,100,33,1.23,scattered clouds
551,Lazaro Cardenas,MX,2022-05-27 23:46:28,17.9583,-102.2,83.19,76,23,8.61,few clouds
552,Churapcha,RU,2022-05-27 23:46:28,62.0025,132.4325,52.39,54,100,10.47,overcast clouds
553,Kamojima,JP,2022-05-27 23:46:29,34.0667,134.35,75.02,48,41,9.08,scattered clouds
554,Trelew,AR,2022-05-27 23:46:29,-43.249,-65.3051,41.4,59,4,8.1,clear sky
555,Ihosy,MG,2022-05-27 23:46:29,-22.4,46.1167,60.31,86,52,8.28,broken clouds
556,Spremberg,DE,2022-05-27 23:46:29,51.5697,14.3736,51.64,68,3,13.49,clear sky
557,Merauke,ID,2022-05-27 23:46:30,-8.4667,140.3333,82.58,68,72,11.95,broken clouds
558,Biskamzha,RU,2022-05-27 23:46:30,53.4497,89.5272,52.5,60,7,3.44,clear sky
559,Roebourne,AU,2022-05-27 23:46:30,-20.7833,117.1333,77.72,67,94,8.39,light rain
560,Hokitika,NZ,2022-05-27 23:46:31,-42.7167,170.9667,55.99,70,74,0.94,broken clouds
561,Lindsay,US,2022-05-27 23:45:51,36.203,-119.0882,88.77,35,0,10.69,clear sky
562,Praia Da Vitoria,PT,2022-05-27 23:46:31,38.7333,-27.0667,65.75,94,75,14.05,broken clouds
563,Tamandare,BR,2022-05-27 23:46:31,-8.7597,-35.1047,75.67,89,49,10.49,scattered clouds
564,High Rock,BS,2022-05-27 23:46:31,26.6208,-78.2833,80.31,74,49,12.59,scattered clouds
565,Tautira,PF,2022-05-27 23:46:32,-17.7333,-149.15,79.83,68,2,12.84,clear sky
566,Tayshet,RU,2022-05-27 23:46:32,55.9342,98.0044,47.41,54,35,3.89,scattered clouds
567,Mao,ES,2022-05-27 23:46:32,39.8885,4.2658,72.16,53,0,14.97,clear sky
568,Deputatskiy,RU,2022-05-27 23:46:33,69.3,139.9,27.97,87,59,1.32,broken clouds
569,Dakar,SN,2022-05-27 23:46:33,14.6937,-17.4441,77.88,83,40,13.8,scattered clouds
570,Ust-Kut,RU,2022-05-27 23:46:33,56.7938,105.7672,45.68,49,11,5.53,few clouds
571,Nicoya,CR,2022-05-27 23:46:34,10.1483,-85.452,78.84,85,85,2.1,overcast clouds
572,Yenagoa,NG,2022-05-27 23:46:34,4.9247,6.2642,72.14,93,85,2.71,overcast clouds
573,Makinsk,KZ,2022-05-27 23:46:34,52.6292,70.4169,50.56,68,89,1.57,overcast clouds
574,Sambava,MG,2022-05-27 23:46:35,-14.2667,50.1667,69.89,89,56,8.37,broken clouds
575,Nemuro,JP,2022-05-27 23:44:19,43.3236,145.575,49.21,99,100,24.11,moderate rain
576,Somanda,TZ,2022-05-27 23:46:35,-3.3667,33.95,68.41,78,70,6.42,broken clouds
577,Ahuimanu,US,2022-05-27 23:46:35,21.4447,-157.8378,82.11,59,100,12.66,overcast clouds
578,Alice Springs,AU,2022-05-27 23:46:35,-23.7,133.8833,62.15,48,91,8.05,overcast clouds
579,Pestisu Mic,RO,2022-05-27 23:46:36,45.8,22.8833,58.68,78,30,2.77,scattered clouds
580,Mul,IN,2022-05-27 23:46:36,20.0667,79.6667,87.66,34,1,8.52,clear sky
581,Tororo,UG,2022-05-27 23:46:36,0.693,34.1809,63.03,90,100,2.86,overcast clouds
582,Mujiayingzi,CN,2022-05-27 23:46:37,42.1167,118.7833,73.08,31,36,3.24,scattered clouds
583,Kijang,KR,2022-05-27 23:46:37,35.2442,129.2139,71.33,39,69,7.83,broken clouds
584,Kasongo-Lunda,CD,2022-05-27 23:46:37,-6.4667,16.8167,70.11,83,6,2.37,clear sky
585,Puerto Lempira,HN,2022-05-27 23:46:38,15.2667,-83.7667,82.54,78,75,8.05,broken clouds
586,Lazarev,RU,2022-05-27 23:46:38,52.225,141.5131,36.09,98,100,8.3,overcast clouds
587,Russell,US,2022-05-27 23:46:38,32.3502,-85.1999,83.48,44,0,10.36,clear sky
588,Velke Mezirici,CZ,2022-05-27 23:46:38,49.3552,16.0122,53.8,87,85,9.17,overcast clouds
589,Kodinsk,RU,2022-05-27 23:46:39,58.6881,99.1844,48.18,46,4,4.29,clear sky
590,Sao Joao Da Barra,BR,2022-05-27 23:46:39,-21.6403,-41.0511,71.96,82,89,12.57,overcast clouds
591,Hobyo,SO,2022-05-27 23:46:39,5.3505,48.5268,78.55,85,64,22.46,broken clouds
592,Pontianak,ID,2022-05-27 23:46:40,-0.0333,109.3333,75.18,94,20,3.44,few clouds
593,Ust-Omchug,RU,2022-05-27 23:46:40,61.15,149.6333,40.51,72,97,3.11,overcast clouds
594,Zafra,ES,2022-05-27 23:47:40,38.4167,-6.4167,64.62,39,0,5.53,clear sky
595,Kuantan,MY,2022-05-27 23:47:41,3.8077,103.326,77.11,94,20,0.0,few clouds
596,Aripuana,BR,2022-05-27 23:47:41,-9.1667,-60.6333,77.9,63,70,2.3,broken clouds
597,Saint-Georges,GD,2022-05-27 23:46:42,12.0564,-61.7485,80.28,78,20,5.75,few clouds
598,Hohhot,CN,2022-05-27 23:47:41,40.8106,111.6522,64.69,39,0,6.71,clear sky
599,Megali Vrisi,GR,2022-05-27 23:47:42,35.1344,25.0209,67.28,48,0,2.98,clear sky
600,Walvis Bay,NA,2022-05-27 23:47:42,-22.9575,14.5053,54.09,93,8,4.61,clear sky
601,San Cristobal,VE,2022-05-27 23:44:09,7.7669,-72.225,75.38,98,99,3.33,overcast clouds
602,Argir,FO,2022-05-27 23:47:42,61.9959,-6.7715,43.77,87,100,16.51,overcast clouds
603,Linkou,CN,2022-05-27 23:47:42,45.3,130.2833,60.13,71,52,4.38,broken clouds
604,Brae,GB,2022-05-27 23:47:43,60.3964,-1.353,47.1,75,49,17.45,scattered clouds
605,Muli,MV,2022-05-27 23:47:43,2.9167,73.5667,83.35,71,12,13.33,few clouds
606,Yerakion,GR,2022-05-27 23:47:43,37.0,22.7,70.84,27,0,3.18,clear sky
607,Praia,CV,2022-05-27 23:43:54,14.9215,-23.5087,73.94,78,20,14.97,few clouds
608,Miles City,US,2022-05-27 23:47:43,46.4083,-105.8406,70.77,60,20,3.44,few clouds
609,Henties Bay,NA,2022-05-27 23:47:44,-22.116,14.2845,54.99,92,39,4.9,scattered clouds
610,Sawankhalok,TH,2022-05-27 23:47:44,17.316,99.8319,80.04,94,20,2.3,few clouds
611,Umea,SE,2022-05-27 23:47:44,63.8284,20.2597,46.33,100,75,6.91,light rain
612,Baghmara,IN,2022-05-27 23:47:45,23.795,86.2085,86.45,38,38,1.57,scattered clouds
613,Point Pedro,LK,2022-05-27 23:47:45,9.8167,80.2333,82.22,81,49,22.41,scattered clouds
614,Wahpeton,US,2022-05-27 23:47:38,46.2652,-96.6059,80.62,18,0,0.0,clear sky
615,Petrozavodsk,RU,2022-05-27 23:47:45,61.7849,34.3469,44.06,87,94,2.24,overcast clouds
616,Majene,ID,2022-05-27 23:47:46,-3.5403,118.9707,80.11,77,100,1.74,overcast clouds
617,Moussoro,TD,2022-05-27 23:47:46,13.6408,16.4901,87.64,7,0,10.49,clear sky
618,Aden,YE,2022-05-27 23:47:46,12.7794,45.0367,84.88,77,31,10.76,scattered clouds
619,Sinnamary,GF,2022-05-27 23:47:47,5.3833,-52.95,78.08,84,57,7.94,broken clouds
620,San Vicente De Canete,PE,2022-05-27 23:47:47,-13.0751,-76.3835,63.5,84,46,6.64,scattered clouds
621,Road Town,VG,2022-05-27 23:47:47,18.4167,-64.6167,80.69,74,40,10.36,scattered clouds
622,Pangkalanbuun,ID,2022-05-27 23:47:48,-2.6833,111.6167,76.33,82,55,2.3,broken clouds
623,Corum,TR,2022-05-27 23:47:48,40.5,34.75,50.67,83,0,3.91,clear sky
624,Clarence Town,AU,2022-05-27 23:47:48,-32.5833,151.7833,61.99,80,88,3.98,overcast clouds
625,Utica,US,2022-05-27 23:47:48,43.1009,-75.2327,73.51,95,100,13.15,overcast clouds
626,Tual,ID,2022-05-27 23:47:49,-5.6667,132.75,82.87,76,45,14.5,scattered clouds
627,Owando,CG,2022-05-27 23:47:49,-0.4819,15.8999,70.18,91,10,3.44,clear sky
628,Fuxin,CN,2022-05-27 23:47:49,42.0156,121.6589,77.22,20,50,5.35,scattered clouds
629,Buluang,PH,2022-05-27 23:47:49,13.3068,123.3425,81.57,81,93,3.31,overcast clouds
630,Uri,IN,2022-05-27 23:47:50,34.0833,74.0333,62.24,75,2,8.01,clear sky
631,Huarmey,PE,2022-05-27 23:47:50,-10.0681,-78.1522,64.27,85,6,8.72,clear sky
632,Buin,CL,2022-05-27 23:47:50,-33.7333,-70.75,60.06,64,100,2.35,overcast clouds
633,Krasnoyarskiy,RU,2022-05-27 23:47:51,51.965,59.8967,50.74,76,43,10.36,scattered clouds
634,Ravar,IR,2022-05-27 23:47:51,31.2656,56.8055,72.03,24,0,4.92,clear sky
635,Jijiang,CN,2022-05-27 23:47:51,29.2906,106.2542,71.49,96,100,5.1,overcast clouds
636,Gubkinskiy,RU,2022-05-27 23:47:52,64.434,76.5026,58.28,46,6,10.51,clear sky
637,Kuusamo,FI,2022-05-27 23:47:52,65.9667,29.1833,39.24,100,100,2.3,overcast clouds
638,Palauig,PH,2022-05-27 23:48:52,15.435,119.9045,84.0,73,95,7.92,overcast clouds
639,Murakami,JP,2022-05-27 23:48:52,38.2333,139.4833,67.89,82,7,16.31,clear sky
640,Russkaya Polyana,UA,2022-05-27 23:48:53,49.417,31.9201,54.46,80,65,12.03,broken clouds
641,Galveston,US,2022-05-27 23:48:53,29.3669,-94.9669,95.05,59,0,16.11,clear sky
642,Shelburne,CA,2022-05-27 23:46:52,44.0787,-80.2041,60.24,98,100,5.14,overcast clouds
643,Log,RU,2022-05-27 23:48:54,49.4844,43.8613,53.71,70,71,7.2,broken clouds
644,Chifeng,CN,2022-05-27 23:48:54,42.2683,118.9636,73.2,31,34,4.81,scattered clouds
645,Mbala,ZM,2022-05-27 23:48:54,-8.8402,31.3659,57.36,84,6,8.88,clear sky
646,Sovetskiy,RU,2022-05-27 23:48:54,61.3614,63.5842,47.17,98,100,6.49,overcast clouds
647,Strezhevoy,RU,2022-05-27 23:48:55,60.7333,77.5889,58.24,52,83,11.83,broken clouds
648,Zykovo,RU,2022-05-27 23:48:55,55.9519,93.1461,43.54,54,1,2.77,clear sky
649,Polunochnoye,RU,2022-05-27 23:48:55,60.8697,60.4153,43.54,90,100,3.51,overcast clouds
650,Ciudad Bolivar,VE,2022-05-27 23:48:56,8.1222,-63.5497,86.34,51,93,6.98,overcast clouds
651,Lang Son,VN,2022-05-27 23:44:20,21.8333,106.7333,76.48,92,99,3.15,overcast clouds
652,Sabang,ID,2022-05-27 23:48:56,5.8933,95.3214,83.41,74,99,23.73,overcast clouds
653,Macau,MO,2022-05-27 23:48:56,22.2006,113.5461,82.2,94,40,10.36,scattered clouds
654,Huilong,CN,2022-05-27 23:48:57,31.8111,121.655,72.93,72,98,13.4,overcast clouds
655,San Francisco,US,2022-05-27 23:48:25,37.7749,-122.4194,74.52,76,75,17.0,broken clouds
656,Mishan,CN,2022-05-27 23:48:57,45.55,131.8833,66.07,52,13,4.38,few clouds
657,Bemidji,US,2022-05-27 23:48:57,47.4736,-94.8803,75.18,35,0,6.91,clear sky
658,Sibolga,ID,2022-05-27 23:48:57,1.7427,98.7792,76.39,88,60,1.3,broken clouds
659,Taunggyi,MM,2022-05-27 23:48:58,20.7833,97.0333,64.54,88,45,3.33,scattered clouds
660,Rioja,AR,2022-05-27 23:48:58,-29.4111,-66.8507,53.74,74,0,1.92,clear sky
661,Tuapse,RU,2022-05-27 23:48:58,44.1125,39.0742,55.76,59,5,4.29,clear sky
662,Jackson,US,2022-05-27 23:45:57,42.4165,-122.8345,66.79,78,100,3.44,overcast clouds
663,Luang Prabang,LA,2022-05-27 23:48:59,19.8856,102.1347,76.98,81,81,1.1,broken clouds
664,Yubari,JP,2022-05-27 23:48:59,43.0378,141.9578,55.74,96,100,6.53,light rain
665,Flinders,AU,2022-05-27 23:48:59,-34.5833,150.8552,60.39,94,97,4.0,moderate rain
666,Antalaha,MG,2022-05-27 23:48:59,-14.9003,50.2788,68.77,88,25,6.22,scattered clouds
667,Korla,CN,2022-05-27 23:49:00,41.7597,86.1469,72.27,40,72,6.98,broken clouds
668,Ola,RU,2022-05-27 23:49:00,59.5833,151.2833,50.14,95,97,4.29,overcast clouds
669,Gladstone,AU,2022-05-27 23:47:25,-23.85,151.25,71.78,68,0,5.75,clear sky
670,Mareeba,AU,2022-05-27 23:46:03,-17.0,145.4333,76.66,72,10,1.88,clear sky
671,Namikupa,TZ,2022-05-27 23:49:00,-10.8333,39.6,63.09,94,63,3.06,broken clouds
672,Luba,GQ,2022-05-27 23:49:01,3.4568,8.5547,75.09,84,86,4.85,overcast clouds
673,Takapau,NZ,2022-05-27 23:49:01,-40.0333,176.35,55.72,57,0,1.86,clear sky
674,Portland,US,2022-05-27 23:46:18,45.5234,-122.6762,63.55,69,100,5.01,overcast clouds
675,Basco,PH,2022-05-27 23:49:01,20.4487,121.9702,83.39,82,78,13.0,broken clouds
676,Indian Head,US,2022-05-27 23:49:02,38.6001,-77.1622,73.89,83,40,4.61,light rain
677,Kuching,MY,2022-05-27 23:47:10,1.55,110.3333,75.42,94,20,1.01,few clouds
678,Islamkot,PK,2022-05-27 23:49:02,24.6997,70.177,79.43,85,15,20.27,few clouds
679,Rock Sound,BS,2022-05-27 23:49:02,24.9,-76.2,79.48,72,31,11.34,scattered clouds
680,Cervo,ES,2022-05-27 23:49:03,43.6702,-7.4101,60.96,90,43,18.88,scattered clouds
